Analysis & Synthesis report for vga_demo
Mon Nov 18 13:32:41 2024
Quartus Prime Version 18.1.0 Build 625 09/12/2018 SJ Lite Edition


---------------------
; Table of Contents ;
---------------------
  1. Legal Notice
  2. Analysis & Synthesis Summary
  3. Analysis & Synthesis Settings
  4. Parallel Compilation
  5. Analysis & Synthesis Source Files Read
  6. Analysis & Synthesis Resource Usage Summary
  7. Analysis & Synthesis Resource Utilization by Entity
  8. Analysis & Synthesis RAM Summary
  9. Analysis & Synthesis DSP Block Usage Summary
 10. Analysis & Synthesis IP Cores Summary
 11. State Machine - |drawmario|dir
 12. State Machine - |drawmario|current_key
 13. State Machine - |drawmario|PS2_Controller:P1|s_ps2_transceiver
 14. State Machine - |drawmario|PS2_Controller:P1|Altera_UP_PS2_Command_Out:PS2_Command_Out|s_ps2_transmitter
 15. State Machine - |drawmario|PS2_Controller:P1|Altera_UP_PS2_Data_In:PS2_Data_In|s_ps2_receiver
 16. Registers Removed During Synthesis
 17. Removed Registers Triggering Further Register Optimizations
 18. General Register Statistics
 19. Inverted Register Statistics
 20. Multiplexer Restructuring Statistics (Restructuring Performed)
 21. Source assignments for touching_magentatop:touchtop|background_mem:bg_mem|altsyncram:altsyncram_component|altsyncram_8rg1:auto_generated
 22. Source assignments for touching_magenta:touch|background_mem:bg_mem|altsyncram:altsyncram_component|altsyncram_8rg1:auto_generated
 23. Source assignments for object_mem:mario_mem|altsyncram:altsyncram_component|altsyncram_aah1:auto_generated
 24. Source assignments for touching_cyan:cyan_check|background_mem:bg_mem|altsyncram:altsyncram_component|altsyncram_8rg1:auto_generated
 25. Source assignments for touching_left_bottom_magenta:check_stairleft|background_mem:bg_mem|altsyncram:altsyncram_component|altsyncram_8rg1:auto_generated
 26. Source assignments for touching_right_bottom_magenta:check_stairright|background_mem:bg_mem|altsyncram:altsyncram_component|altsyncram_8rg1:auto_generated
 27. Source assignments for background_mem:displayBG|altsyncram:altsyncram_component|altsyncram_8rg1:auto_generated
 28. Source assignments for vga_adapter:VGA|altsyncram:VideoMemory|altsyncram_26m1:auto_generated
 29. Parameter Settings for User Entity Instance: Top-level Entity: |drawmario
 30. Parameter Settings for User Entity Instance: PS2_Controller:P1
 31. Parameter Settings for User Entity Instance: PS2_Controller:P1|Altera_UP_PS2_Command_Out:PS2_Command_Out
 32. Parameter Settings for User Entity Instance: touching_magentatop:touchtop
 33. Parameter Settings for User Entity Instance: touching_magentatop:touchtop|background_mem:bg_mem|altsyncram:altsyncram_component
 34. Parameter Settings for User Entity Instance: touching_magenta:touch
 35. Parameter Settings for User Entity Instance: touching_magenta:touch|background_mem:bg_mem|altsyncram:altsyncram_component
 36. Parameter Settings for User Entity Instance: object_mem:mario_mem|altsyncram:altsyncram_component
 37. Parameter Settings for User Entity Instance: touching_cyan:cyan_check
 38. Parameter Settings for User Entity Instance: touching_cyan:cyan_check|background_mem:bg_mem|altsyncram:altsyncram_component
 39. Parameter Settings for User Entity Instance: touching_left_bottom_magenta:check_stairleft
 40. Parameter Settings for User Entity Instance: touching_left_bottom_magenta:check_stairleft|background_mem:bg_mem|altsyncram:altsyncram_component
 41. Parameter Settings for User Entity Instance: touching_right_bottom_magenta:check_stairright
 42. Parameter Settings for User Entity Instance: touching_right_bottom_magenta:check_stairright|background_mem:bg_mem|altsyncram:altsyncram_component
 43. Parameter Settings for User Entity Instance: background_mem:displayBG|altsyncram:altsyncram_component
 44. Parameter Settings for User Entity Instance: vga_adapter:VGA
 45. Parameter Settings for User Entity Instance: vga_adapter:VGA|vga_address_translator:user_input_translator
 46. Parameter Settings for User Entity Instance: vga_adapter:VGA|altsyncram:VideoMemory
 47. Parameter Settings for User Entity Instance: vga_adapter:VGA|vga_pll:mypll|altpll:altpll_component
 48. Parameter Settings for User Entity Instance: vga_adapter:VGA|vga_controller:controller
 49. Parameter Settings for User Entity Instance: vga_adapter:VGA|vga_controller:controller|vga_address_translator:controller_translator
 50. altsyncram Parameter Settings by Entity Instance
 51. altpll Parameter Settings by Entity Instance
 52. Port Connectivity Checks: "background_mem:displayBG"
 53. Port Connectivity Checks: "touching_right_bottom_magenta:check_stairright|background_mem:bg_mem"
 54. Port Connectivity Checks: "touching_right_bottom_magenta:check_stairright"
 55. Port Connectivity Checks: "touching_left_bottom_magenta:check_stairleft|background_mem:bg_mem"
 56. Port Connectivity Checks: "touching_left_bottom_magenta:check_stairleft"
 57. Port Connectivity Checks: "touching_cyan:cyan_check|background_mem:bg_mem"
 58. Port Connectivity Checks: "touching_cyan:cyan_check"
 59. Port Connectivity Checks: "object_mem:mario_mem"
 60. Port Connectivity Checks: "touching_magenta:touch|background_mem:bg_mem"
 61. Port Connectivity Checks: "touching_magenta:touch"
 62. Port Connectivity Checks: "touching_magentatop:touchtop|background_mem:bg_mem"
 63. Port Connectivity Checks: "touching_magentatop:touchtop"
 64. Port Connectivity Checks: "PS2_Controller:P1"
 65. Post-Synthesis Netlist Statistics for Top Partition
 66. Elapsed Time Per Partition
 67. Analysis & Synthesis Messages
 68. Analysis & Synthesis Suppressed Messages



----------------
; Legal Notice ;
----------------
Copyright (C) 2018  Intel Corporation. All rights reserved.
Your use of Intel Corporation's design tools, logic functions 
and other software and tools, and its AMPP partner logic 
functions, and any output files from any of the foregoing 
(including device programming or simulation files), and any 
associated documentation or information are expressly subject 
to the terms and conditions of the Intel Program License 
Subscription Agreement, the Intel Quartus Prime License Agreement,
the Intel FPGA IP License Agreement, or other applicable license
agreement, including, without limitation, that your use is for
the sole purpose of programming logic devices manufactured by
Intel and sold by Intel or its authorized distributors.  Please
refer to the applicable agreement for further details.



+-------------------------------------------------------------------------------+
; Analysis & Synthesis Summary                                                  ;
+---------------------------------+---------------------------------------------+
; Analysis & Synthesis Status     ; Successful - Mon Nov 18 13:32:41 2024       ;
; Quartus Prime Version           ; 18.1.0 Build 625 09/12/2018 SJ Lite Edition ;
; Revision Name                   ; vga_demo                                    ;
; Top-level Entity Name           ; drawmario                                   ;
; Family                          ; Cyclone V                                   ;
; Logic utilization (in ALMs)     ; N/A                                         ;
; Total registers                 ; 328                                         ;
; Total pins                      ; 48                                          ;
; Total virtual pins              ; 0                                           ;
; Total block memory bits         ; 1,613,568                                   ;
; Total DSP Blocks                ; 35                                          ;
; Total HSSI RX PCSs              ; 0                                           ;
; Total HSSI PMA RX Deserializers ; 0                                           ;
; Total HSSI TX PCSs              ; 0                                           ;
; Total HSSI PMA TX Serializers   ; 0                                           ;
; Total PLLs                      ; 1                                           ;
; Total DLLs                      ; 0                                           ;
+---------------------------------+---------------------------------------------+


+---------------------------------------------------------------------------------------------------------------------------+
; Analysis & Synthesis Settings                                                                                             ;
+---------------------------------------------------------------------------------+--------------------+--------------------+
; Option                                                                          ; Setting            ; Default Value      ;
+---------------------------------------------------------------------------------+--------------------+--------------------+
; Device                                                                          ; 5CSEMA5F31C6       ;                    ;
; Top-level entity name                                                           ; drawmario          ; vga_demo           ;
; Family name                                                                     ; Cyclone V          ; Cyclone V          ;
; Use smart compilation                                                           ; Off                ; Off                ;
; Enable parallel Assembler and Timing Analyzer during compilation                ; On                 ; On                 ;
; Enable compact report table                                                     ; Off                ; Off                ;
; Restructure Multiplexers                                                        ; Auto               ; Auto               ;
; MLAB Add Timing Constraints For Mixed-Port Feed-Through Mode Setting Don't Care ; Off                ; Off                ;
; Create Debugging Nodes for IP Cores                                             ; Off                ; Off                ;
; Preserve fewer node names                                                       ; On                 ; On                 ;
; Intel FPGA IP Evaluation Mode                                                   ; Enable             ; Enable             ;
; Verilog Version                                                                 ; Verilog_2001       ; Verilog_2001       ;
; VHDL Version                                                                    ; VHDL_1993          ; VHDL_1993          ;
; State Machine Processing                                                        ; Auto               ; Auto               ;
; Safe State Machine                                                              ; Off                ; Off                ;
; Extract Verilog State Machines                                                  ; On                 ; On                 ;
; Extract VHDL State Machines                                                     ; On                 ; On                 ;
; Ignore Verilog initial constructs                                               ; Off                ; Off                ;
; Iteration limit for constant Verilog loops                                      ; 5000               ; 5000               ;
; Iteration limit for non-constant Verilog loops                                  ; 250                ; 250                ;
; Add Pass-Through Logic to Inferred RAMs                                         ; On                 ; On                 ;
; Infer RAMs from Raw Logic                                                       ; On                 ; On                 ;
; Parallel Synthesis                                                              ; On                 ; On                 ;
; DSP Block Balancing                                                             ; Auto               ; Auto               ;
; NOT Gate Push-Back                                                              ; On                 ; On                 ;
; Power-Up Don't Care                                                             ; On                 ; On                 ;
; Remove Redundant Logic Cells                                                    ; Off                ; Off                ;
; Remove Duplicate Registers                                                      ; On                 ; On                 ;
; Ignore CARRY Buffers                                                            ; Off                ; Off                ;
; Ignore CASCADE Buffers                                                          ; Off                ; Off                ;
; Ignore GLOBAL Buffers                                                           ; Off                ; Off                ;
; Ignore ROW GLOBAL Buffers                                                       ; Off                ; Off                ;
; Ignore LCELL Buffers                                                            ; Off                ; Off                ;
; Ignore SOFT Buffers                                                             ; On                 ; On                 ;
; Limit AHDL Integers to 32 Bits                                                  ; Off                ; Off                ;
; Optimization Technique                                                          ; Balanced           ; Balanced           ;
; Carry Chain Length                                                              ; 70                 ; 70                 ;
; Auto Carry Chains                                                               ; On                 ; On                 ;
; Auto Open-Drain Pins                                                            ; On                 ; On                 ;
; Perform WYSIWYG Primitive Resynthesis                                           ; Off                ; Off                ;
; Auto ROM Replacement                                                            ; On                 ; On                 ;
; Auto RAM Replacement                                                            ; On                 ; On                 ;
; Auto DSP Block Replacement                                                      ; On                 ; On                 ;
; Auto Shift Register Replacement                                                 ; Auto               ; Auto               ;
; Allow Shift Register Merging across Hierarchies                                 ; Auto               ; Auto               ;
; Auto Clock Enable Replacement                                                   ; On                 ; On                 ;
; Strict RAM Replacement                                                          ; Off                ; Off                ;
; Allow Synchronous Control Signals                                               ; On                 ; On                 ;
; Force Use of Synchronous Clear Signals                                          ; Off                ; Off                ;
; Auto Resource Sharing                                                           ; Off                ; Off                ;
; Allow Any RAM Size For Recognition                                              ; Off                ; Off                ;
; Allow Any ROM Size For Recognition                                              ; Off                ; Off                ;
; Allow Any Shift Register Size For Recognition                                   ; Off                ; Off                ;
; Use LogicLock Constraints during Resource Balancing                             ; On                 ; On                 ;
; Ignore translate_off and synthesis_off directives                               ; Off                ; Off                ;
; Timing-Driven Synthesis                                                         ; On                 ; On                 ;
; Report Parameter Settings                                                       ; On                 ; On                 ;
; Report Source Assignments                                                       ; On                 ; On                 ;
; Report Connectivity Checks                                                      ; On                 ; On                 ;
; Ignore Maximum Fan-Out Assignments                                              ; Off                ; Off                ;
; Synchronization Register Chain Length                                           ; 3                  ; 3                  ;
; Power Optimization During Synthesis                                             ; Normal compilation ; Normal compilation ;
; HDL message level                                                               ; Level2             ; Level2             ;
; Suppress Register Optimization Related Messages                                 ; Off                ; Off                ;
; Number of Removed Registers Reported in Synthesis Report                        ; 5000               ; 5000               ;
; Number of Swept Nodes Reported in Synthesis Report                              ; 5000               ; 5000               ;
; Number of Inverted Registers Reported in Synthesis Report                       ; 100                ; 100                ;
; Clock MUX Protection                                                            ; On                 ; On                 ;
; Auto Gated Clock Conversion                                                     ; Off                ; Off                ;
; Block Design Naming                                                             ; Auto               ; Auto               ;
; SDC constraint protection                                                       ; Off                ; Off                ;
; Synthesis Effort                                                                ; Auto               ; Auto               ;
; Shift Register Replacement - Allow Asynchronous Clear Signal                    ; On                 ; On                 ;
; Pre-Mapping Resynthesis Optimization                                            ; Off                ; Off                ;
; Analysis & Synthesis Message Level                                              ; Medium             ; Medium             ;
; Disable Register Merging Across Hierarchies                                     ; Auto               ; Auto               ;
; Resource Aware Inference For Block RAM                                          ; On                 ; On                 ;
; Automatic Parallel Synthesis                                                    ; On                 ; On                 ;
; Partial Reconfiguration Bitstream ID                                            ; Off                ; Off                ;
+---------------------------------------------------------------------------------+--------------------+--------------------+


+------------------------------------------+
; Parallel Compilation                     ;
+----------------------------+-------------+
; Processors                 ; Number      ;
+----------------------------+-------------+
; Number detected on machine ; 16          ;
; Maximum allowed            ; 16          ;
;                            ;             ;
; Average used               ; 1.00        ;
; Maximum used               ; 16          ;
;                            ;             ;
; Usage by Processor         ; % Time Used ;
;     Processor 1            ; 100.0%      ;
;     Processor 2            ;   0.0%      ;
;     Processor 3            ;   0.0%      ;
;     Processor 4            ;   0.0%      ;
;     Processors 5-16        ;   0.0%      ;
+----------------------------+-------------+


+-----------------------------------------------------------------------------------------------------------------------------------------------------------------------------------------------------------+
; Analysis & Synthesis Source Files Read                                                                                                                                                                    ;
+--------------------------------------+-----------------+----------------------------------------+-----------------------------------------------------------------------------------------------+---------+
; File Name with User-Entered Path     ; Used in Netlist ; File Type                              ; File Name with Absolute Path                                                                  ; Library ;
+--------------------------------------+-----------------+----------------------------------------+-----------------------------------------------------------------------------------------------+---------+
; Altera_UP_PS2_Command_Out.v          ; yes             ; User Verilog HDL File                  ; C:/Users/24415/Desktop/ECE241_Labs/Project/gamelogic1118/Altera_UP_PS2_Command_Out.v          ;         ;
; Altera_UP_PS2_Data_In.v              ; yes             ; User Verilog HDL File                  ; C:/Users/24415/Desktop/ECE241_Labs/Project/gamelogic1118/Altera_UP_PS2_Data_In.v              ;         ;
; PS2_Controller.v                     ; yes             ; User Verilog HDL File                  ; C:/Users/24415/Desktop/ECE241_Labs/Project/gamelogic1118/PS2_Controller.v                     ;         ;
; background_mem.v                     ; yes             ; User Wizard-Generated File             ; C:/Users/24415/Desktop/ECE241_Labs/Project/gamelogic1118/background_mem.v                     ;         ;
; vga_adapter/vga_pll.v                ; yes             ; User Wizard-Generated File             ; C:/Users/24415/Desktop/ECE241_Labs/Project/gamelogic1118/vga_adapter/vga_pll.v                ;         ;
; vga_adapter/vga_adapter.v            ; yes             ; User Verilog HDL File                  ; C:/Users/24415/Desktop/ECE241_Labs/Project/gamelogic1118/vga_adapter/vga_adapter.v            ;         ;
; vga_adapter/vga_address_translator.v ; yes             ; User Verilog HDL File                  ; C:/Users/24415/Desktop/ECE241_Labs/Project/gamelogic1118/vga_adapter/vga_address_translator.v ;         ;
; vga_adapter/vga_controller.v         ; yes             ; User Verilog HDL File                  ; C:/Users/24415/Desktop/ECE241_Labs/Project/gamelogic1118/vga_adapter/vga_controller.v         ;         ;
; object_mem.v                         ; yes             ; User Wizard-Generated File             ; C:/Users/24415/Desktop/ECE241_Labs/Project/gamelogic1118/object_mem.v                         ;         ;
; drawmario.v                          ; yes             ; Auto-Found Verilog HDL File            ; C:/Users/24415/Desktop/ECE241_Labs/Project/gamelogic1118/drawmario.v                          ;         ;
; altsyncram.tdf                       ; yes             ; Megafunction                           ; c:/intelfpga_lite/18.1/quartus/libraries/megafunctions/altsyncram.tdf                         ;         ;
; stratix_ram_block.inc                ; yes             ; Megafunction                           ; c:/intelfpga_lite/18.1/quartus/libraries/megafunctions/stratix_ram_block.inc                  ;         ;
; lpm_mux.inc                          ; yes             ; Megafunction                           ; c:/intelfpga_lite/18.1/quartus/libraries/megafunctions/lpm_mux.inc                            ;         ;
; lpm_decode.inc                       ; yes             ; Megafunction                           ; c:/intelfpga_lite/18.1/quartus/libraries/megafunctions/lpm_decode.inc                         ;         ;
; aglobal181.inc                       ; yes             ; Megafunction                           ; c:/intelfpga_lite/18.1/quartus/libraries/megafunctions/aglobal181.inc                         ;         ;
; a_rdenreg.inc                        ; yes             ; Megafunction                           ; c:/intelfpga_lite/18.1/quartus/libraries/megafunctions/a_rdenreg.inc                          ;         ;
; altrom.inc                           ; yes             ; Megafunction                           ; c:/intelfpga_lite/18.1/quartus/libraries/megafunctions/altrom.inc                             ;         ;
; altram.inc                           ; yes             ; Megafunction                           ; c:/intelfpga_lite/18.1/quartus/libraries/megafunctions/altram.inc                             ;         ;
; altdpram.inc                         ; yes             ; Megafunction                           ; c:/intelfpga_lite/18.1/quartus/libraries/megafunctions/altdpram.inc                           ;         ;
; db/altsyncram_8rg1.tdf               ; yes             ; Auto-Generated Megafunction            ; C:/Users/24415/Desktop/ECE241_Labs/Project/gamelogic1118/db/altsyncram_8rg1.tdf               ;         ;
; map320magenta.mif                    ; yes             ; Auto-Found Memory Initialization File  ; C:/Users/24415/Desktop/ECE241_Labs/Project/gamelogic1118/map320magenta.mif                    ;         ;
; db/decode_g2a.tdf                    ; yes             ; Auto-Generated Megafunction            ; C:/Users/24415/Desktop/ECE241_Labs/Project/gamelogic1118/db/decode_g2a.tdf                    ;         ;
; db/mux_2hb.tdf                       ; yes             ; Auto-Generated Megafunction            ; C:/Users/24415/Desktop/ECE241_Labs/Project/gamelogic1118/db/mux_2hb.tdf                       ;         ;
; db/altsyncram_aah1.tdf               ; yes             ; Auto-Generated Megafunction            ; C:/Users/24415/Desktop/ECE241_Labs/Project/gamelogic1118/db/altsyncram_aah1.tdf               ;         ;
; mariorunninggreen.mif                ; yes             ; Auto-Found Memory Initialization File  ; C:/Users/24415/Desktop/ECE241_Labs/Project/gamelogic1118/mariorunninggreen.mif                ;         ;
; db/altsyncram_26m1.tdf               ; yes             ; Auto-Generated Megafunction            ; C:/Users/24415/Desktop/ECE241_Labs/Project/gamelogic1118/db/altsyncram_26m1.tdf               ;         ;
; map320.mif                           ; yes             ; Auto-Found Memory Initialization File  ; C:/Users/24415/Desktop/ECE241_Labs/Project/gamelogic1118/map320.mif                           ;         ;
; db/decode_nma.tdf                    ; yes             ; Auto-Generated Megafunction            ; C:/Users/24415/Desktop/ECE241_Labs/Project/gamelogic1118/db/decode_nma.tdf                    ;         ;
; altpll.tdf                           ; yes             ; Megafunction                           ; c:/intelfpga_lite/18.1/quartus/libraries/megafunctions/altpll.tdf                             ;         ;
; stratix_pll.inc                      ; yes             ; Megafunction                           ; c:/intelfpga_lite/18.1/quartus/libraries/megafunctions/stratix_pll.inc                        ;         ;
; stratixii_pll.inc                    ; yes             ; Megafunction                           ; c:/intelfpga_lite/18.1/quartus/libraries/megafunctions/stratixii_pll.inc                      ;         ;
; cycloneii_pll.inc                    ; yes             ; Megafunction                           ; c:/intelfpga_lite/18.1/quartus/libraries/megafunctions/cycloneii_pll.inc                      ;         ;
; db/altpll_80u.tdf                    ; yes             ; Auto-Generated Megafunction            ; C:/Users/24415/Desktop/ECE241_Labs/Project/gamelogic1118/db/altpll_80u.tdf                    ;         ;
+--------------------------------------+-----------------+----------------------------------------+-----------------------------------------------------------------------------------------------+---------+


+--------------------------------------------------------------+
; Analysis & Synthesis Resource Usage Summary                  ;
+---------------------------------------------+----------------+
; Resource                                    ; Usage          ;
+---------------------------------------------+----------------+
; Estimate of Logic utilization (ALMs needed) ; 1864           ;
;                                             ;                ;
; Combinational ALUT usage for logic          ; 2995           ;
;     -- 7 input functions                    ; 23             ;
;     -- 6 input functions                    ; 703            ;
;     -- 5 input functions                    ; 479            ;
;     -- 4 input functions                    ; 414            ;
;     -- <=3 input functions                  ; 1376           ;
;                                             ;                ;
; Dedicated logic registers                   ; 328            ;
;                                             ;                ;
; I/O pins                                    ; 48             ;
; Total MLAB memory bits                      ; 0              ;
; Total block memory bits                     ; 1613568        ;
;                                             ;                ;
; Total DSP Blocks                            ; 35             ;
;                                             ;                ;
; Total PLLs                                  ; 1              ;
;     -- PLLs                                 ; 1              ;
;                                             ;                ;
; Maximum fan-out node                        ; CLOCK_50~input ;
; Maximum fan-out                             ; 508            ;
; Total fan-out                               ; 16663          ;
; Average fan-out                             ; 4.54           ;
+---------------------------------------------+----------------+


+-----------------------------------------------------------------------------------------------------------------------------------------------------------------------------------------------------------------------------------------------------------------------------------------------------------------------------------------------------------------------------------------+
; Analysis & Synthesis Resource Utilization by Entity                                                                                                                                                                                                                                                                                                                                     ;
+---------------------------------------------------------+---------------------+---------------------------+-------------------+------------+------+--------------+-----------------------------------------------------------------------------------------------------------------------------------------------------------------------+-------------------------------+--------------+
; Compilation Hierarchy Node                              ; Combinational ALUTs ; Dedicated Logic Registers ; Block Memory Bits ; DSP Blocks ; Pins ; Virtual Pins ; Full Hierarchy Name                                                                                                                                                   ; Entity Name                   ; Library Name ;
+---------------------------------------------------------+---------------------+---------------------------+-------------------+------------+------+--------------+-----------------------------------------------------------------------------------------------------------------------------------------------------------------------+-------------------------------+--------------+
; |drawmario                                              ; 2995 (155)          ; 328 (84)                  ; 1613568           ; 35         ; 48   ; 0            ; |drawmario                                                                                                                                                            ; drawmario                     ; work         ;
;    |PS2_Controller:P1|                                  ; 109 (6)             ; 90 (5)                    ; 0                 ; 0          ; 0    ; 0            ; |drawmario|PS2_Controller:P1                                                                                                                                          ; PS2_Controller                ; work         ;
;       |Altera_UP_PS2_Command_Out:PS2_Command_Out|       ; 87 (87)             ; 60 (60)                   ; 0                 ; 0          ; 0    ; 0            ; |drawmario|PS2_Controller:P1|Altera_UP_PS2_Command_Out:PS2_Command_Out                                                                                                ; Altera_UP_PS2_Command_Out     ; work         ;
;       |Altera_UP_PS2_Data_In:PS2_Data_In|               ; 16 (16)             ; 25 (25)                   ; 0                 ; 0          ; 0    ; 0            ; |drawmario|PS2_Controller:P1|Altera_UP_PS2_Data_In:PS2_Data_In                                                                                                        ; Altera_UP_PS2_Data_In         ; work         ;
;    |background_mem:displayBG|                           ; 13 (0)              ; 4 (0)                     ; 230400            ; 0          ; 0    ; 0            ; |drawmario|background_mem:displayBG                                                                                                                                   ; background_mem                ; work         ;
;       |altsyncram:altsyncram_component|                 ; 13 (0)              ; 4 (0)                     ; 230400            ; 0          ; 0    ; 0            ; |drawmario|background_mem:displayBG|altsyncram:altsyncram_component                                                                                                   ; altsyncram                    ; work         ;
;          |altsyncram_8rg1:auto_generated|               ; 13 (0)              ; 4 (4)                     ; 230400            ; 0          ; 0    ; 0            ; |drawmario|background_mem:displayBG|altsyncram:altsyncram_component|altsyncram_8rg1:auto_generated                                                                    ; altsyncram_8rg1               ; work         ;
;             |decode_g2a:rden_decode|                    ; 10 (10)             ; 0 (0)                     ; 0                 ; 0          ; 0    ; 0            ; |drawmario|background_mem:displayBG|altsyncram:altsyncram_component|altsyncram_8rg1:auto_generated|decode_g2a:rden_decode                                             ; decode_g2a                    ; work         ;
;             |mux_2hb:mux2|                              ; 3 (3)               ; 0 (0)                     ; 0                 ; 0          ; 0    ; 0            ; |drawmario|background_mem:displayBG|altsyncram:altsyncram_component|altsyncram_8rg1:auto_generated|mux_2hb:mux2                                                       ; mux_2hb                       ; work         ;
;    |object_mem:mario_mem|                               ; 0 (0)               ; 0 (0)                     ; 768               ; 0          ; 0    ; 0            ; |drawmario|object_mem:mario_mem                                                                                                                                       ; object_mem                    ; work         ;
;       |altsyncram:altsyncram_component|                 ; 0 (0)               ; 0 (0)                     ; 768               ; 0          ; 0    ; 0            ; |drawmario|object_mem:mario_mem|altsyncram:altsyncram_component                                                                                                       ; altsyncram                    ; work         ;
;          |altsyncram_aah1:auto_generated|               ; 0 (0)               ; 0 (0)                     ; 768               ; 0          ; 0    ; 0            ; |drawmario|object_mem:mario_mem|altsyncram:altsyncram_component|altsyncram_aah1:auto_generated                                                                        ; altsyncram_aah1               ; work         ;
;    |touching_cyan:cyan_check|                           ; 1742 (1721)         ; 27 (23)                   ; 230400            ; 16         ; 0    ; 0            ; |drawmario|touching_cyan:cyan_check                                                                                                                                   ; touching_cyan                 ; work         ;
;       |background_mem:bg_mem|                           ; 21 (0)              ; 4 (0)                     ; 230400            ; 0          ; 0    ; 0            ; |drawmario|touching_cyan:cyan_check|background_mem:bg_mem                                                                                                             ; background_mem                ; work         ;
;          |altsyncram:altsyncram_component|              ; 21 (0)              ; 4 (0)                     ; 230400            ; 0          ; 0    ; 0            ; |drawmario|touching_cyan:cyan_check|background_mem:bg_mem|altsyncram:altsyncram_component                                                                             ; altsyncram                    ; work         ;
;             |altsyncram_8rg1:auto_generated|            ; 21 (0)              ; 4 (4)                     ; 230400            ; 0          ; 0    ; 0            ; |drawmario|touching_cyan:cyan_check|background_mem:bg_mem|altsyncram:altsyncram_component|altsyncram_8rg1:auto_generated                                              ; altsyncram_8rg1               ; work         ;
;                |decode_g2a:rden_decode|                 ; 10 (10)             ; 0 (0)                     ; 0                 ; 0          ; 0    ; 0            ; |drawmario|touching_cyan:cyan_check|background_mem:bg_mem|altsyncram:altsyncram_component|altsyncram_8rg1:auto_generated|decode_g2a:rden_decode                       ; decode_g2a                    ; work         ;
;                |mux_2hb:mux2|                           ; 11 (11)             ; 0 (0)                     ; 0                 ; 0          ; 0    ; 0            ; |drawmario|touching_cyan:cyan_check|background_mem:bg_mem|altsyncram:altsyncram_component|altsyncram_8rg1:auto_generated|mux_2hb:mux2                                 ; mux_2hb                       ; work         ;
;    |touching_left_bottom_magenta:check_stairleft|       ; 53 (37)             ; 22 (18)                   ; 230400            ; 1          ; 0    ; 0            ; |drawmario|touching_left_bottom_magenta:check_stairleft                                                                                                               ; touching_left_bottom_magenta  ; work         ;
;       |background_mem:bg_mem|                           ; 16 (0)              ; 4 (0)                     ; 230400            ; 0          ; 0    ; 0            ; |drawmario|touching_left_bottom_magenta:check_stairleft|background_mem:bg_mem                                                                                         ; background_mem                ; work         ;
;          |altsyncram:altsyncram_component|              ; 16 (0)              ; 4 (0)                     ; 230400            ; 0          ; 0    ; 0            ; |drawmario|touching_left_bottom_magenta:check_stairleft|background_mem:bg_mem|altsyncram:altsyncram_component                                                         ; altsyncram                    ; work         ;
;             |altsyncram_8rg1:auto_generated|            ; 16 (0)              ; 4 (4)                     ; 230400            ; 0          ; 0    ; 0            ; |drawmario|touching_left_bottom_magenta:check_stairleft|background_mem:bg_mem|altsyncram:altsyncram_component|altsyncram_8rg1:auto_generated                          ; altsyncram_8rg1               ; work         ;
;                |decode_g2a:rden_decode|                 ; 10 (10)             ; 0 (0)                     ; 0                 ; 0          ; 0    ; 0            ; |drawmario|touching_left_bottom_magenta:check_stairleft|background_mem:bg_mem|altsyncram:altsyncram_component|altsyncram_8rg1:auto_generated|decode_g2a:rden_decode   ; decode_g2a                    ; work         ;
;                |mux_2hb:mux2|                           ; 6 (6)               ; 0 (0)                     ; 0                 ; 0          ; 0    ; 0            ; |drawmario|touching_left_bottom_magenta:check_stairleft|background_mem:bg_mem|altsyncram:altsyncram_component|altsyncram_8rg1:auto_generated|mux_2hb:mux2             ; mux_2hb                       ; work         ;
;    |touching_magenta:touch|                             ; 381 (365)           ; 23 (19)                   ; 230400            ; 1          ; 0    ; 0            ; |drawmario|touching_magenta:touch                                                                                                                                     ; touching_magenta              ; work         ;
;       |background_mem:bg_mem|                           ; 16 (0)              ; 4 (0)                     ; 230400            ; 0          ; 0    ; 0            ; |drawmario|touching_magenta:touch|background_mem:bg_mem                                                                                                               ; background_mem                ; work         ;
;          |altsyncram:altsyncram_component|              ; 16 (0)              ; 4 (0)                     ; 230400            ; 0          ; 0    ; 0            ; |drawmario|touching_magenta:touch|background_mem:bg_mem|altsyncram:altsyncram_component                                                                               ; altsyncram                    ; work         ;
;             |altsyncram_8rg1:auto_generated|            ; 16 (0)              ; 4 (4)                     ; 230400            ; 0          ; 0    ; 0            ; |drawmario|touching_magenta:touch|background_mem:bg_mem|altsyncram:altsyncram_component|altsyncram_8rg1:auto_generated                                                ; altsyncram_8rg1               ; work         ;
;                |decode_g2a:rden_decode|                 ; 10 (10)             ; 0 (0)                     ; 0                 ; 0          ; 0    ; 0            ; |drawmario|touching_magenta:touch|background_mem:bg_mem|altsyncram:altsyncram_component|altsyncram_8rg1:auto_generated|decode_g2a:rden_decode                         ; decode_g2a                    ; work         ;
;                |mux_2hb:mux2|                           ; 6 (6)               ; 0 (0)                     ; 0                 ; 0          ; 0    ; 0            ; |drawmario|touching_magenta:touch|background_mem:bg_mem|altsyncram:altsyncram_component|altsyncram_8rg1:auto_generated|mux_2hb:mux2                                   ; mux_2hb                       ; work         ;
;    |touching_magentatop:touchtop|                       ; 403 (387)           ; 22 (18)                   ; 230400            ; 16         ; 0    ; 0            ; |drawmario|touching_magentatop:touchtop                                                                                                                               ; touching_magentatop           ; work         ;
;       |background_mem:bg_mem|                           ; 16 (0)              ; 4 (0)                     ; 230400            ; 0          ; 0    ; 0            ; |drawmario|touching_magentatop:touchtop|background_mem:bg_mem                                                                                                         ; background_mem                ; work         ;
;          |altsyncram:altsyncram_component|              ; 16 (0)              ; 4 (0)                     ; 230400            ; 0          ; 0    ; 0            ; |drawmario|touching_magentatop:touchtop|background_mem:bg_mem|altsyncram:altsyncram_component                                                                         ; altsyncram                    ; work         ;
;             |altsyncram_8rg1:auto_generated|            ; 16 (0)              ; 4 (4)                     ; 230400            ; 0          ; 0    ; 0            ; |drawmario|touching_magentatop:touchtop|background_mem:bg_mem|altsyncram:altsyncram_component|altsyncram_8rg1:auto_generated                                          ; altsyncram_8rg1               ; work         ;
;                |decode_g2a:rden_decode|                 ; 10 (10)             ; 0 (0)                     ; 0                 ; 0          ; 0    ; 0            ; |drawmario|touching_magentatop:touchtop|background_mem:bg_mem|altsyncram:altsyncram_component|altsyncram_8rg1:auto_generated|decode_g2a:rden_decode                   ; decode_g2a                    ; work         ;
;                |mux_2hb:mux2|                           ; 6 (6)               ; 0 (0)                     ; 0                 ; 0          ; 0    ; 0            ; |drawmario|touching_magentatop:touchtop|background_mem:bg_mem|altsyncram:altsyncram_component|altsyncram_8rg1:auto_generated|mux_2hb:mux2                             ; mux_2hb                       ; work         ;
;    |touching_right_bottom_magenta:check_stairright|     ; 49 (33)             ; 22 (18)                   ; 230400            ; 1          ; 0    ; 0            ; |drawmario|touching_right_bottom_magenta:check_stairright                                                                                                             ; touching_right_bottom_magenta ; work         ;
;       |background_mem:bg_mem|                           ; 16 (0)              ; 4 (0)                     ; 230400            ; 0          ; 0    ; 0            ; |drawmario|touching_right_bottom_magenta:check_stairright|background_mem:bg_mem                                                                                       ; background_mem                ; work         ;
;          |altsyncram:altsyncram_component|              ; 16 (0)              ; 4 (0)                     ; 230400            ; 0          ; 0    ; 0            ; |drawmario|touching_right_bottom_magenta:check_stairright|background_mem:bg_mem|altsyncram:altsyncram_component                                                       ; altsyncram                    ; work         ;
;             |altsyncram_8rg1:auto_generated|            ; 16 (0)              ; 4 (4)                     ; 230400            ; 0          ; 0    ; 0            ; |drawmario|touching_right_bottom_magenta:check_stairright|background_mem:bg_mem|altsyncram:altsyncram_component|altsyncram_8rg1:auto_generated                        ; altsyncram_8rg1               ; work         ;
;                |decode_g2a:rden_decode|                 ; 10 (10)             ; 0 (0)                     ; 0                 ; 0          ; 0    ; 0            ; |drawmario|touching_right_bottom_magenta:check_stairright|background_mem:bg_mem|altsyncram:altsyncram_component|altsyncram_8rg1:auto_generated|decode_g2a:rden_decode ; decode_g2a                    ; work         ;
;                |mux_2hb:mux2|                           ; 6 (6)               ; 0 (0)                     ; 0                 ; 0          ; 0    ; 0            ; |drawmario|touching_right_bottom_magenta:check_stairright|background_mem:bg_mem|altsyncram:altsyncram_component|altsyncram_8rg1:auto_generated|mux_2hb:mux2           ; mux_2hb                       ; work         ;
;    |vga_adapter:VGA|                                    ; 90 (1)              ; 34 (0)                    ; 230400            ; 0          ; 0    ; 0            ; |drawmario|vga_adapter:VGA                                                                                                                                            ; vga_adapter                   ; work         ;
;       |altsyncram:VideoMemory|                          ; 27 (0)              ; 8 (0)                     ; 230400            ; 0          ; 0    ; 0            ; |drawmario|vga_adapter:VGA|altsyncram:VideoMemory                                                                                                                     ; altsyncram                    ; work         ;
;          |altsyncram_26m1:auto_generated|               ; 27 (0)              ; 8 (8)                     ; 230400            ; 0          ; 0    ; 0            ; |drawmario|vga_adapter:VGA|altsyncram:VideoMemory|altsyncram_26m1:auto_generated                                                                                      ; altsyncram_26m1               ; work         ;
;             |decode_g2a:rden_decode_b|                  ; 10 (10)             ; 0 (0)                     ; 0                 ; 0          ; 0    ; 0            ; |drawmario|vga_adapter:VGA|altsyncram:VideoMemory|altsyncram_26m1:auto_generated|decode_g2a:rden_decode_b                                                             ; decode_g2a                    ; work         ;
;             |decode_nma:decode2|                        ; 11 (11)             ; 0 (0)                     ; 0                 ; 0          ; 0    ; 0            ; |drawmario|vga_adapter:VGA|altsyncram:VideoMemory|altsyncram_26m1:auto_generated|decode_nma:decode2                                                                   ; decode_nma                    ; work         ;
;             |mux_2hb:mux3|                              ; 6 (6)               ; 0 (0)                     ; 0                 ; 0          ; 0    ; 0            ; |drawmario|vga_adapter:VGA|altsyncram:VideoMemory|altsyncram_26m1:auto_generated|mux_2hb:mux3                                                                         ; mux_2hb                       ; work         ;
;       |vga_address_translator:user_input_translator|    ; 11 (11)             ; 0 (0)                     ; 0                 ; 0          ; 0    ; 0            ; |drawmario|vga_adapter:VGA|vga_address_translator:user_input_translator                                                                                               ; vga_address_translator        ; work         ;
;       |vga_controller:controller|                       ; 51 (40)             ; 26 (26)                   ; 0                 ; 0          ; 0    ; 0            ; |drawmario|vga_adapter:VGA|vga_controller:controller                                                                                                                  ; vga_controller                ; work         ;
;          |vga_address_translator:controller_translator| ; 11 (11)             ; 0 (0)                     ; 0                 ; 0          ; 0    ; 0            ; |drawmario|vga_adapter:VGA|vga_controller:controller|vga_address_translator:controller_translator                                                                     ; vga_address_translator        ; work         ;
;       |vga_pll:mypll|                                   ; 0 (0)               ; 0 (0)                     ; 0                 ; 0          ; 0    ; 0            ; |drawmario|vga_adapter:VGA|vga_pll:mypll                                                                                                                              ; vga_pll                       ; work         ;
;          |altpll:altpll_component|                      ; 0 (0)               ; 0 (0)                     ; 0                 ; 0          ; 0    ; 0            ; |drawmario|vga_adapter:VGA|vga_pll:mypll|altpll:altpll_component                                                                                                      ; altpll                        ; work         ;
;             |altpll_80u:auto_generated|                 ; 0 (0)               ; 0 (0)                     ; 0                 ; 0          ; 0    ; 0            ; |drawmario|vga_adapter:VGA|vga_pll:mypll|altpll:altpll_component|altpll_80u:auto_generated                                                                            ; altpll_80u                    ; work         ;
+---------------------------------------------------------+---------------------+---------------------------+-------------------+------------+------+--------------+-----------------------------------------------------------------------------------------------------------------------------------------------------------------------+-------------------------------+--------------+
Note: For table entries with two numbers listed, the numbers in parentheses indicate the number of resources of the given type used by the specific entity alone. The numbers listed outside of parentheses indicate the total resources of the given type used by the specific entity and all of its sub-entities in the hierarchy.


+-----------------------------------------------------------------------------------------------------------------------------------------------------------------------------------------------------------------------------------------------------------------------+
; Analysis & Synthesis RAM Summary                                                                                                                                                                                                                                      ;
+------------------------------------------------------------------------------------------------------------------------------------------------+------+------------------+--------------+--------------+--------------+--------------+--------+-----------------------+
; Name                                                                                                                                           ; Type ; Mode             ; Port A Depth ; Port A Width ; Port B Depth ; Port B Width ; Size   ; MIF                   ;
+------------------------------------------------------------------------------------------------------------------------------------------------+------+------------------+--------------+--------------+--------------+--------------+--------+-----------------------+
; background_mem:displayBG|altsyncram:altsyncram_component|altsyncram_8rg1:auto_generated|ALTSYNCRAM                                             ; AUTO ; ROM              ; 76800        ; 3            ; --           ; --           ; 230400 ; map320magenta.mif     ;
; object_mem:mario_mem|altsyncram:altsyncram_component|altsyncram_aah1:auto_generated|ALTSYNCRAM                                                 ; AUTO ; ROM              ; 256          ; 3            ; --           ; --           ; 768    ; mariorunninggreen.mif ;
; touching_cyan:cyan_check|background_mem:bg_mem|altsyncram:altsyncram_component|altsyncram_8rg1:auto_generated|ALTSYNCRAM                       ; AUTO ; ROM              ; 76800        ; 3            ; --           ; --           ; 230400 ; map320magenta.mif     ;
; touching_left_bottom_magenta:check_stairleft|background_mem:bg_mem|altsyncram:altsyncram_component|altsyncram_8rg1:auto_generated|ALTSYNCRAM   ; AUTO ; ROM              ; 76800        ; 3            ; --           ; --           ; 230400 ; map320magenta.mif     ;
; touching_magenta:touch|background_mem:bg_mem|altsyncram:altsyncram_component|altsyncram_8rg1:auto_generated|ALTSYNCRAM                         ; AUTO ; ROM              ; 76800        ; 3            ; --           ; --           ; 230400 ; map320magenta.mif     ;
; touching_magentatop:touchtop|background_mem:bg_mem|altsyncram:altsyncram_component|altsyncram_8rg1:auto_generated|ALTSYNCRAM                   ; AUTO ; ROM              ; 76800        ; 3            ; --           ; --           ; 230400 ; map320magenta.mif     ;
; touching_right_bottom_magenta:check_stairright|background_mem:bg_mem|altsyncram:altsyncram_component|altsyncram_8rg1:auto_generated|ALTSYNCRAM ; AUTO ; ROM              ; 76800        ; 3            ; --           ; --           ; 230400 ; map320magenta.mif     ;
; vga_adapter:VGA|altsyncram:VideoMemory|altsyncram_26m1:auto_generated|ALTSYNCRAM                                                               ; AUTO ; Simple Dual Port ; 76800        ; 3            ; 76800        ; 3            ; 230400 ; map320.mif            ;
+------------------------------------------------------------------------------------------------------------------------------------------------+------+------------------+--------------+--------------+--------------+--------------+--------+-----------------------+


+-----------------------------------------------+
; Analysis & Synthesis DSP Block Usage Summary  ;
+---------------------------------+-------------+
; Statistic                       ; Number Used ;
+---------------------------------+-------------+
; Independent 9x9                 ; 17          ;
; Two Independent 18x18           ; 18          ;
; Total number of DSP blocks      ; 35          ;
;                                 ;             ;
; Fixed Point Unsigned Multiplier ; 35          ;
+---------------------------------+-------------+


+--------------------------------------------------------------------------------------------------------------------------------------------------------------------+
; Analysis & Synthesis IP Cores Summary                                                                                                                              ;
+--------+--------------+---------+--------------+--------------+---------------------------------------------------------------------------------+------------------+
; Vendor ; IP Core Name ; Version ; Release Date ; License Type ; Entity Instance                                                                 ; IP Include File  ;
+--------+--------------+---------+--------------+--------------+---------------------------------------------------------------------------------+------------------+
; Altera ; ROM: 1-PORT  ; 18.1    ; N/A          ; N/A          ; |drawmario|touching_left_bottom_magenta:check_stairleft|background_mem:bg_mem   ; background_mem.v ;
; Altera ; ROM: 1-PORT  ; 18.1    ; N/A          ; N/A          ; |drawmario|touching_right_bottom_magenta:check_stairright|background_mem:bg_mem ; background_mem.v ;
; Altera ; ROM: 1-PORT  ; 18.1    ; N/A          ; N/A          ; |drawmario|touching_cyan:cyan_check|background_mem:bg_mem                       ; background_mem.v ;
; Altera ; ROM: 1-PORT  ; 18.1    ; N/A          ; N/A          ; |drawmario|background_mem:displayBG                                             ; background_mem.v ;
; Altera ; ROM: 1-PORT  ; 18.1    ; N/A          ; N/A          ; |drawmario|object_mem:mario_mem                                                 ; object_mem.v     ;
; Altera ; ROM: 1-PORT  ; 18.1    ; N/A          ; N/A          ; |drawmario|touching_magenta:touch|background_mem:bg_mem                         ; background_mem.v ;
; Altera ; ROM: 1-PORT  ; 18.1    ; N/A          ; N/A          ; |drawmario|touching_magentatop:touchtop|background_mem:bg_mem                   ; background_mem.v ;
+--------+--------------+---------+--------------+--------------+---------------------------------------------------------------------------------+------------------+


Encoding Type:  One-Hot
+-----------------------------------+
; State Machine - |drawmario|dir    ;
+--------+--------+--------+--------+
; Name   ; dir.00 ; dir.10 ; dir.01 ;
+--------+--------+--------+--------+
; dir.00 ; 0      ; 0      ; 0      ;
; dir.01 ; 1      ; 0      ; 1      ;
; dir.10 ; 1      ; 1      ; 0      ;
+--------+--------+--------+--------+


Encoding Type:  One-Hot
+-----------------------------------------------------------------------------------------------------------------------------------------+
; State Machine - |drawmario|current_key                                                                                                  ;
+----------------------+----------------------+----------------------+----------------------+----------------------+----------------------+
; Name                 ; current_key.00011101 ; current_key.00011100 ; current_key.00011011 ; current_key.00000000 ; current_key.00100011 ;
+----------------------+----------------------+----------------------+----------------------+----------------------+----------------------+
; current_key.00000000 ; 0                    ; 0                    ; 0                    ; 0                    ; 0                    ;
; current_key.00011011 ; 0                    ; 0                    ; 1                    ; 1                    ; 0                    ;
; current_key.00011100 ; 0                    ; 1                    ; 0                    ; 1                    ; 0                    ;
; current_key.00011101 ; 1                    ; 0                    ; 0                    ; 1                    ; 0                    ;
; current_key.00100011 ; 0                    ; 0                    ; 0                    ; 1                    ; 1                    ;
+----------------------+----------------------+----------------------+----------------------+----------------------+----------------------+


Encoding Type:  One-Hot
+--------------------------------------------------------------------------------------------------------------------------------------------------------------------------------------------------------------------------------------------------------------+
; State Machine - |drawmario|PS2_Controller:P1|s_ps2_transceiver                                                                                                                                                                                               ;
+--------------------------------------------+--------------------------------------------+-------------------------------------------+---------------------------------------+------------------------------------+-------------------------------------------+
; Name                                       ; s_ps2_transceiver.PS2_STATE_3_END_TRANSFER ; s_ps2_transceiver.PS2_STATE_2_COMMAND_OUT ; s_ps2_transceiver.PS2_STATE_1_DATA_IN ; s_ps2_transceiver.PS2_STATE_0_IDLE ; s_ps2_transceiver.PS2_STATE_4_END_DELAYED ;
+--------------------------------------------+--------------------------------------------+-------------------------------------------+---------------------------------------+------------------------------------+-------------------------------------------+
; s_ps2_transceiver.PS2_STATE_0_IDLE         ; 0                                          ; 0                                         ; 0                                     ; 0                                  ; 0                                         ;
; s_ps2_transceiver.PS2_STATE_1_DATA_IN      ; 0                                          ; 0                                         ; 1                                     ; 1                                  ; 0                                         ;
; s_ps2_transceiver.PS2_STATE_2_COMMAND_OUT  ; 0                                          ; 1                                         ; 0                                     ; 1                                  ; 0                                         ;
; s_ps2_transceiver.PS2_STATE_3_END_TRANSFER ; 1                                          ; 0                                         ; 0                                     ; 1                                  ; 0                                         ;
; s_ps2_transceiver.PS2_STATE_4_END_DELAYED  ; 0                                          ; 0                                         ; 0                                     ; 1                                  ; 1                                         ;
+--------------------------------------------+--------------------------------------------+-------------------------------------------+---------------------------------------+------------------------------------+-------------------------------------------+


Encoding Type:  One-Hot
+-----------------------------------------------------------------------------------------------------------------------------------------------------------------------------------------------------------------------------------------------------------------------------------------------------------------------------------------------------------------------------------------------------------------------------------------------------+
; State Machine - |drawmario|PS2_Controller:P1|Altera_UP_PS2_Command_Out:PS2_Command_Out|s_ps2_transmitter                                                                                                                                                                                                                                                                                                                                            ;
+------------------------------------------------------+--------------------------------------------------+------------------------------------------------+-----------------------------------------------+-------------------------------------------------+---------------------------------------------+----------------------------------------------+------------------------------------------------------+------------------------------------+
; Name                                                 ; s_ps2_transmitter.PS2_STATE_7_TRANSMISSION_ERROR ; s_ps2_transmitter.PS2_STATE_6_COMMAND_WAS_SENT ; s_ps2_transmitter.PS2_STATE_5_RECEIVE_ACK_BIT ; s_ps2_transmitter.PS2_STATE_4_TRANSMIT_STOP_BIT ; s_ps2_transmitter.PS2_STATE_3_TRANSMIT_DATA ; s_ps2_transmitter.PS2_STATE_2_WAIT_FOR_CLOCK ; s_ps2_transmitter.PS2_STATE_1_INITIATE_COMMUNICATION ; s_ps2_transmitter.PS2_STATE_0_IDLE ;
+------------------------------------------------------+--------------------------------------------------+------------------------------------------------+-----------------------------------------------+-------------------------------------------------+---------------------------------------------+----------------------------------------------+------------------------------------------------------+------------------------------------+
; s_ps2_transmitter.PS2_STATE_0_IDLE                   ; 0                                                ; 0                                              ; 0                                             ; 0                                               ; 0                                           ; 0                                            ; 0                                                    ; 0                                  ;
; s_ps2_transmitter.PS2_STATE_1_INITIATE_COMMUNICATION ; 0                                                ; 0                                              ; 0                                             ; 0                                               ; 0                                           ; 0                                            ; 1                                                    ; 1                                  ;
; s_ps2_transmitter.PS2_STATE_2_WAIT_FOR_CLOCK         ; 0                                                ; 0                                              ; 0                                             ; 0                                               ; 0                                           ; 1                                            ; 0                                                    ; 1                                  ;
; s_ps2_transmitter.PS2_STATE_3_TRANSMIT_DATA          ; 0                                                ; 0                                              ; 0                                             ; 0                                               ; 1                                           ; 0                                            ; 0                                                    ; 1                                  ;
; s_ps2_transmitter.PS2_STATE_4_TRANSMIT_STOP_BIT      ; 0                                                ; 0                                              ; 0                                             ; 1                                               ; 0                                           ; 0                                            ; 0                                                    ; 1                                  ;
; s_ps2_transmitter.PS2_STATE_5_RECEIVE_ACK_BIT        ; 0                                                ; 0                                              ; 1                                             ; 0                                               ; 0                                           ; 0                                            ; 0                                                    ; 1                                  ;
; s_ps2_transmitter.PS2_STATE_6_COMMAND_WAS_SENT       ; 0                                                ; 1                                              ; 0                                             ; 0                                               ; 0                                           ; 0                                            ; 0                                                    ; 1                                  ;
; s_ps2_transmitter.PS2_STATE_7_TRANSMISSION_ERROR     ; 1                                                ; 0                                              ; 0                                             ; 0                                               ; 0                                           ; 0                                            ; 0                                                    ; 1                                  ;
+------------------------------------------------------+--------------------------------------------------+------------------------------------------------+-----------------------------------------------+-------------------------------------------------+---------------------------------------------+----------------------------------------------+------------------------------------------------------+------------------------------------+


Encoding Type:  One-Hot
+----------------------------------------------------------------------------------------------------------------------------------------------------------------------------------------------------------------------------------------+
; State Machine - |drawmario|PS2_Controller:P1|Altera_UP_PS2_Data_In:PS2_Data_In|s_ps2_receiver                                                                                                                                          ;
+------------------------------------------+--------------------------------------+------------------------------------+------------------------------------------+---------------------------------+------------------------------------+
; Name                                     ; s_ps2_receiver.PS2_STATE_3_PARITY_IN ; s_ps2_receiver.PS2_STATE_2_DATA_IN ; s_ps2_receiver.PS2_STATE_1_WAIT_FOR_DATA ; s_ps2_receiver.PS2_STATE_0_IDLE ; s_ps2_receiver.PS2_STATE_4_STOP_IN ;
+------------------------------------------+--------------------------------------+------------------------------------+------------------------------------------+---------------------------------+------------------------------------+
; s_ps2_receiver.PS2_STATE_0_IDLE          ; 0                                    ; 0                                  ; 0                                        ; 0                               ; 0                                  ;
; s_ps2_receiver.PS2_STATE_1_WAIT_FOR_DATA ; 0                                    ; 0                                  ; 1                                        ; 1                               ; 0                                  ;
; s_ps2_receiver.PS2_STATE_2_DATA_IN       ; 0                                    ; 1                                  ; 0                                        ; 1                               ; 0                                  ;
; s_ps2_receiver.PS2_STATE_3_PARITY_IN     ; 1                                    ; 0                                  ; 0                                        ; 1                               ; 0                                  ;
; s_ps2_receiver.PS2_STATE_4_STOP_IN       ; 0                                    ; 0                                  ; 0                                        ; 1                               ; 1                                  ;
+------------------------------------------+--------------------------------------+------------------------------------+------------------------------------------+---------------------------------+------------------------------------+


+-------------------------------------------------------------------------------------------------------------------------------------------------------------------------------------------------------+
; Registers Removed During Synthesis                                                                                                                                                                    ;
+--------------------------------------------------------------------------------------------------------------+----------------------------------------------------------------------------------------+
; Register name                                                                                                ; Reason for Removal                                                                     ;
+--------------------------------------------------------------------------------------------------------------+----------------------------------------------------------------------------------------+
; plot                                                                                                         ; Stuck at VCC due to stuck port data_in                                                 ;
; PS2_Controller:P1|idle_counter[0..7]                                                                         ; Lost fanout                                                                            ;
; PS2_Controller:P1|Altera_UP_PS2_Command_Out:PS2_Command_Out|ps2_command[1..7]                                ; Merged with PS2_Controller:P1|Altera_UP_PS2_Command_Out:PS2_Command_Out|ps2_command[0] ;
; PS2_Controller:P1|Altera_UP_PS2_Command_Out:PS2_Command_Out|ps2_command[0]                                   ; Stuck at GND due to stuck port data_in                                                 ;
; current_key~7                                                                                                ; Lost fanout                                                                            ;
; current_key~8                                                                                                ; Lost fanout                                                                            ;
; current_key~9                                                                                                ; Lost fanout                                                                            ;
; current_key~10                                                                                               ; Lost fanout                                                                            ;
; current_key~11                                                                                               ; Lost fanout                                                                            ;
; current_key~13                                                                                               ; Lost fanout                                                                            ;
; current_key~14                                                                                               ; Lost fanout                                                                            ;
; PS2_Controller:P1|s_ps2_transceiver~2                                                                        ; Lost fanout                                                                            ;
; PS2_Controller:P1|s_ps2_transceiver~3                                                                        ; Lost fanout                                                                            ;
; PS2_Controller:P1|Altera_UP_PS2_Command_Out:PS2_Command_Out|s_ps2_transmitter~2                              ; Lost fanout                                                                            ;
; PS2_Controller:P1|Altera_UP_PS2_Command_Out:PS2_Command_Out|s_ps2_transmitter~3                              ; Lost fanout                                                                            ;
; PS2_Controller:P1|Altera_UP_PS2_Command_Out:PS2_Command_Out|s_ps2_transmitter~4                              ; Lost fanout                                                                            ;
; PS2_Controller:P1|Altera_UP_PS2_Data_In:PS2_Data_In|s_ps2_receiver~2                                         ; Lost fanout                                                                            ;
; PS2_Controller:P1|Altera_UP_PS2_Data_In:PS2_Data_In|s_ps2_receiver~3                                         ; Lost fanout                                                                            ;
; dir.00                                                                                                       ; Lost fanout                                                                            ;
; current_key.00000000                                                                                         ; Lost fanout                                                                            ;
; PS2_Controller:P1|s_ps2_transceiver.PS2_STATE_2_COMMAND_OUT                                                  ; Stuck at GND due to stuck port data_in                                                 ;
; PS2_Controller:P1|s_ps2_transceiver.PS2_STATE_4_END_DELAYED                                                  ; Stuck at GND due to stuck port data_in                                                 ;
; PS2_Controller:P1|Altera_UP_PS2_Command_Out:PS2_Command_Out|command_was_sent                                 ; Lost fanout                                                                            ;
; PS2_Controller:P1|Altera_UP_PS2_Command_Out:PS2_Command_Out|error_communication_timed_out                    ; Lost fanout                                                                            ;
; PS2_Controller:P1|s_ps2_transceiver.PS2_STATE_3_END_TRANSFER                                                 ; Stuck at GND due to stuck port data_in                                                 ;
; PS2_Controller:P1|Altera_UP_PS2_Data_In:PS2_Data_In|s_ps2_receiver.PS2_STATE_1_WAIT_FOR_DATA                 ; Stuck at GND due to stuck port data_in                                                 ;
; PS2_Controller:P1|Altera_UP_PS2_Command_Out:PS2_Command_Out|s_ps2_transmitter.PS2_STATE_0_IDLE               ; Stuck at GND due to stuck port data_in                                                 ;
; PS2_Controller:P1|Altera_UP_PS2_Command_Out:PS2_Command_Out|s_ps2_transmitter.PS2_STATE_6_COMMAND_WAS_SENT   ; Lost fanout                                                                            ;
; PS2_Controller:P1|Altera_UP_PS2_Command_Out:PS2_Command_Out|s_ps2_transmitter.PS2_STATE_7_TRANSMISSION_ERROR ; Lost fanout                                                                            ;
; Total Number of Removed Registers = 42                                                                       ;                                                                                        ;
+--------------------------------------------------------------------------------------------------------------+----------------------------------------------------------------------------------------+


+--------------------------------------------------------------------------------------------------------------------------------------------------------------------------------------------------------+
; Removed Registers Triggering Further Register Optimizations                                                                                                                                            ;
+-------------------------------------------------------------+---------------------------+--------------------------------------------------------------------------------------------------------------+
; Register name                                               ; Reason for Removal        ; Registers Removed due to This Register                                                                       ;
+-------------------------------------------------------------+---------------------------+--------------------------------------------------------------------------------------------------------------+
; PS2_Controller:P1|idle_counter[3]                           ; Lost Fanouts              ; PS2_Controller:P1|idle_counter[4], PS2_Controller:P1|idle_counter[5],                                        ;
;                                                             ;                           ; PS2_Controller:P1|idle_counter[6], PS2_Controller:P1|idle_counter[7]                                         ;
; PS2_Controller:P1|s_ps2_transceiver~2                       ; Lost Fanouts              ; PS2_Controller:P1|Altera_UP_PS2_Command_Out:PS2_Command_Out|command_was_sent,                                ;
;                                                             ;                           ; PS2_Controller:P1|Altera_UP_PS2_Command_Out:PS2_Command_Out|error_communication_timed_out,                   ;
;                                                             ;                           ; PS2_Controller:P1|Altera_UP_PS2_Command_Out:PS2_Command_Out|s_ps2_transmitter.PS2_STATE_6_COMMAND_WAS_SENT,  ;
;                                                             ;                           ; PS2_Controller:P1|Altera_UP_PS2_Command_Out:PS2_Command_Out|s_ps2_transmitter.PS2_STATE_7_TRANSMISSION_ERROR ;
; PS2_Controller:P1|s_ps2_transceiver.PS2_STATE_2_COMMAND_OUT ; Stuck at GND              ; PS2_Controller:P1|s_ps2_transceiver.PS2_STATE_3_END_TRANSFER,                                                ;
;                                                             ; due to stuck port data_in ; PS2_Controller:P1|Altera_UP_PS2_Data_In:PS2_Data_In|s_ps2_receiver.PS2_STATE_1_WAIT_FOR_DATA                 ;
; current_key~7                                               ; Lost Fanouts              ; current_key.00000000                                                                                         ;
+-------------------------------------------------------------+---------------------------+--------------------------------------------------------------------------------------------------------------+


+------------------------------------------------------+
; General Register Statistics                          ;
+----------------------------------------------+-------+
; Statistic                                    ; Value ;
+----------------------------------------------+-------+
; Total registers                              ; 328   ;
; Number of registers using Synchronous Clear  ; 125   ;
; Number of registers using Synchronous Load   ; 0     ;
; Number of registers using Asynchronous Clear ; 20    ;
; Number of registers using Asynchronous Load  ; 0     ;
; Number of registers using Clock Enable       ; 220   ;
; Number of registers using Preset             ; 0     ;
+----------------------------------------------+-------+


+--------------------------------------------------+
; Inverted Register Statistics                     ;
+----------------------------------------+---------+
; Inverted Register                      ; Fan out ;
+----------------------------------------+---------+
; mario_x[7]                             ; 35      ;
; mario_x[4]                             ; 38      ;
; mario_x[3]                             ; 37      ;
; mario_y[6]                             ; 38      ;
; mario_y[5]                             ; 43      ;
; mario_y[4]                             ; 45      ;
; Total number of inverted registers = 6 ;         ;
+----------------------------------------+---------+


+------------------------------------------------------------------------------------------------------------------------------------------------------------------------------------------------------------------------------------------------------------------------------------------------+
; Multiplexer Restructuring Statistics (Restructuring Performed)                                                                                                                                                                                                                                 ;
+--------------------+-----------+---------------+----------------------+------------------------+------------+----------------------------------------------------------------------------------------------------------------------------------------------------------------------------------+
; Multiplexer Inputs ; Bus Width ; Baseline Area ; Area if Restructured ; Saving if Restructured ; Registered ; Example Multiplexer Output                                                                                                                                                       ;
+--------------------+-----------+---------------+----------------------+------------------------+------------+----------------------------------------------------------------------------------------------------------------------------------------------------------------------------------+
; 3:1                ; 8 bits    ; 16 LEs        ; 0 LEs                ; 16 LEs                 ; Yes        ; |drawmario|PS2_Controller:P1|Altera_UP_PS2_Data_In:PS2_Data_In|received_data[6]                                                                                                  ;
; 3:1                ; 10 bits   ; 20 LEs        ; 0 LEs                ; 20 LEs                 ; Yes        ; |drawmario|vga_adapter:VGA|vga_controller:controller|yCounter[1]                                                                                                                 ;
; 3:1                ; 8 bits    ; 16 LEs        ; 0 LEs                ; 16 LEs                 ; Yes        ; |drawmario|PS2_Controller:P1|Altera_UP_PS2_Data_In:PS2_Data_In|data_shift_reg[1]                                                                                                 ;
; 4:1                ; 13 bits   ; 26 LEs        ; 0 LEs                ; 26 LEs                 ; Yes        ; |drawmario|PS2_Controller:P1|Altera_UP_PS2_Command_Out:PS2_Command_Out|command_initiate_counter[11]                                                                              ;
; 4:1                ; 20 bits   ; 40 LEs        ; 0 LEs                ; 40 LEs                 ; Yes        ; |drawmario|PS2_Controller:P1|Altera_UP_PS2_Command_Out:PS2_Command_Out|waiting_counter[19]                                                                                       ;
; 4:1                ; 4 bits    ; 8 LEs         ; 8 LEs                ; 0 LEs                  ; Yes        ; |drawmario|PS2_Controller:P1|Altera_UP_PS2_Command_Out:PS2_Command_Out|cur_bit[0]                                                                                                ;
; 4:1                ; 4 bits    ; 8 LEs         ; 8 LEs                ; 0 LEs                  ; Yes        ; |drawmario|PS2_Controller:P1|Altera_UP_PS2_Data_In:PS2_Data_In|data_count[1]                                                                                                     ;
; 4:1                ; 17 bits   ; 34 LEs        ; 0 LEs                ; 34 LEs                 ; Yes        ; |drawmario|PS2_Controller:P1|Altera_UP_PS2_Command_Out:PS2_Command_Out|transfer_counter[7]                                                                                       ;
; 10:1               ; 3 bits    ; 18 LEs        ; 18 LEs               ; 0 LEs                  ; Yes        ; |drawmario|VGA_COLOR[1]                                                                                                                                                          ;
; 8:1                ; 5 bits    ; 25 LEs        ; 10 LEs               ; 15 LEs                 ; Yes        ; |drawmario|mario_y[3]                                                                                                                                                            ;
; 11:1               ; 6 bits    ; 42 LEs        ; 12 LEs               ; 30 LEs                 ; Yes        ; |drawmario|mario_x[8]                                                                                                                                                            ;
; 17:1               ; 34 bits   ; 374 LEs       ; 340 LEs              ; 34 LEs                 ; Yes        ; |drawmario|touching_magentatop:touchtop|pixel_address[7]                                                                                                                         ;
; 129:1              ; 17 bits   ; 1462 LEs      ; 0 LEs                ; 1462 LEs               ; Yes        ; |drawmario|touching_cyan:cyan_check|pixel_address[11]                                                                                                                            ;
; 258:1              ; 5 bits    ; 860 LEs       ; 10 LEs               ; 850 LEs                ; Yes        ; |drawmario|touching_cyan:cyan_check|cyan_count[4]                                                                                                                                ;
; 8:1                ; 3 bits    ; 15 LEs        ; 6 LEs                ; 9 LEs                  ; Yes        ; |drawmario|mario_y[5]                                                                                                                                                            ;
; 11:1               ; 3 bits    ; 21 LEs        ; 6 LEs                ; 15 LEs                 ; Yes        ; |drawmario|mario_x[4]                                                                                                                                                            ;
; 9:1                ; 3 bits    ; 18 LEs        ; 18 LEs               ; 0 LEs                  ; No         ; |drawmario|vga_adapter:VGA|altsyncram:VideoMemory|altsyncram_26m1:auto_generated|mux_2hb:mux3|l4_w1_n0_mux_dataout                                                               ;
; 9:1                ; 3 bits    ; 18 LEs        ; 18 LEs               ; 0 LEs                  ; No         ; |drawmario|touching_cyan:cyan_check|background_mem:bg_mem|altsyncram:altsyncram_component|altsyncram_8rg1:auto_generated|mux_2hb:mux2|l4_w2_n0_mux_dataout                       ;
; 9:1                ; 3 bits    ; 18 LEs        ; 18 LEs               ; 0 LEs                  ; No         ; |drawmario|touching_magenta:touch|background_mem:bg_mem|altsyncram:altsyncram_component|altsyncram_8rg1:auto_generated|mux_2hb:mux2|l4_w2_n0_mux_dataout                         ;
; 9:1                ; 3 bits    ; 18 LEs        ; 18 LEs               ; 0 LEs                  ; No         ; |drawmario|touching_magentatop:touchtop|background_mem:bg_mem|altsyncram:altsyncram_component|altsyncram_8rg1:auto_generated|mux_2hb:mux2|l4_w0_n0_mux_dataout                   ;
; 9:1                ; 3 bits    ; 18 LEs        ; 18 LEs               ; 0 LEs                  ; No         ; |drawmario|touching_left_bottom_magenta:check_stairleft|background_mem:bg_mem|altsyncram:altsyncram_component|altsyncram_8rg1:auto_generated|mux_2hb:mux2|l4_w2_n0_mux_dataout   ;
; 9:1                ; 3 bits    ; 18 LEs        ; 18 LEs               ; 0 LEs                  ; No         ; |drawmario|touching_right_bottom_magenta:check_stairright|background_mem:bg_mem|altsyncram:altsyncram_component|altsyncram_8rg1:auto_generated|mux_2hb:mux2|l4_w2_n0_mux_dataout ;
; 258:1              ; 3 bits    ; 516 LEs       ; 42 LEs               ; 474 LEs                ; No         ; |drawmario|dir                                                                                                                                                                   ;
; 259:1              ; 3 bits    ; 516 LEs       ; 45 LEs               ; 471 LEs                ; No         ; |drawmario|current_key                                                                                                                                                           ;
; 261:1              ; 2 bits    ; 348 LEs       ; 22 LEs               ; 326 LEs                ; No         ; |drawmario|current_key                                                                                                                                                           ;
; 121:1              ; 17 bits   ; 1360 LEs      ; 170 LEs              ; 1190 LEs               ; No         ; |drawmario|touching_cyan:cyan_check|Add0                                                                                                                                         ;
; 256:1              ; 6 bits    ; 1020 LEs      ; 60 LEs               ; 960 LEs                ; No         ; |drawmario|touching_cyan:cyan_check|Add0                                                                                                                                         ;
+--------------------+-----------+---------------+----------------------+------------------------+------------+----------------------------------------------------------------------------------------------------------------------------------------------------------------------------------+


+------------------------------------------------------------------------------------------------------------------------------------------+
; Source assignments for touching_magentatop:touchtop|background_mem:bg_mem|altsyncram:altsyncram_component|altsyncram_8rg1:auto_generated ;
+---------------------------------+--------------------+------+----------------------------------------------------------------------------+
; Assignment                      ; Value              ; From ; To                                                                         ;
+---------------------------------+--------------------+------+----------------------------------------------------------------------------+
; OPTIMIZE_POWER_DURING_SYNTHESIS ; NORMAL_COMPILATION ; -    ; -                                                                          ;
+---------------------------------+--------------------+------+----------------------------------------------------------------------------+


+------------------------------------------------------------------------------------------------------------------------------------+
; Source assignments for touching_magenta:touch|background_mem:bg_mem|altsyncram:altsyncram_component|altsyncram_8rg1:auto_generated ;
+---------------------------------+--------------------+------+----------------------------------------------------------------------+
; Assignment                      ; Value              ; From ; To                                                                   ;
+---------------------------------+--------------------+------+----------------------------------------------------------------------+
; OPTIMIZE_POWER_DURING_SYNTHESIS ; NORMAL_COMPILATION ; -    ; -                                                                    ;
+---------------------------------+--------------------+------+----------------------------------------------------------------------+


+------------------------------------------------------------------------------------------------------------+
; Source assignments for object_mem:mario_mem|altsyncram:altsyncram_component|altsyncram_aah1:auto_generated ;
+---------------------------------+--------------------+------+----------------------------------------------+
; Assignment                      ; Value              ; From ; To                                           ;
+---------------------------------+--------------------+------+----------------------------------------------+
; OPTIMIZE_POWER_DURING_SYNTHESIS ; NORMAL_COMPILATION ; -    ; -                                            ;
+---------------------------------+--------------------+------+----------------------------------------------+


+--------------------------------------------------------------------------------------------------------------------------------------+
; Source assignments for touching_cyan:cyan_check|background_mem:bg_mem|altsyncram:altsyncram_component|altsyncram_8rg1:auto_generated ;
+---------------------------------+--------------------+------+------------------------------------------------------------------------+
; Assignment                      ; Value              ; From ; To                                                                     ;
+---------------------------------+--------------------+------+------------------------------------------------------------------------+
; OPTIMIZE_POWER_DURING_SYNTHESIS ; NORMAL_COMPILATION ; -    ; -                                                                      ;
+---------------------------------+--------------------+------+------------------------------------------------------------------------+


+----------------------------------------------------------------------------------------------------------------------------------------------------------+
; Source assignments for touching_left_bottom_magenta:check_stairleft|background_mem:bg_mem|altsyncram:altsyncram_component|altsyncram_8rg1:auto_generated ;
+---------------------------------+--------------------+------+--------------------------------------------------------------------------------------------+
; Assignment                      ; Value              ; From ; To                                                                                         ;
+---------------------------------+--------------------+------+--------------------------------------------------------------------------------------------+
; OPTIMIZE_POWER_DURING_SYNTHESIS ; NORMAL_COMPILATION ; -    ; -                                                                                          ;
+---------------------------------+--------------------+------+--------------------------------------------------------------------------------------------+


+------------------------------------------------------------------------------------------------------------------------------------------------------------+
; Source assignments for touching_right_bottom_magenta:check_stairright|background_mem:bg_mem|altsyncram:altsyncram_component|altsyncram_8rg1:auto_generated ;
+---------------------------------+--------------------+------+----------------------------------------------------------------------------------------------+
; Assignment                      ; Value              ; From ; To                                                                                           ;
+---------------------------------+--------------------+------+----------------------------------------------------------------------------------------------+
; OPTIMIZE_POWER_DURING_SYNTHESIS ; NORMAL_COMPILATION ; -    ; -                                                                                            ;
+---------------------------------+--------------------+------+----------------------------------------------------------------------------------------------+


+----------------------------------------------------------------------------------------------------------------+
; Source assignments for background_mem:displayBG|altsyncram:altsyncram_component|altsyncram_8rg1:auto_generated ;
+---------------------------------+--------------------+------+--------------------------------------------------+
; Assignment                      ; Value              ; From ; To                                               ;
+---------------------------------+--------------------+------+--------------------------------------------------+
; OPTIMIZE_POWER_DURING_SYNTHESIS ; NORMAL_COMPILATION ; -    ; -                                                ;
+---------------------------------+--------------------+------+--------------------------------------------------+


+----------------------------------------------------------------------------------------------+
; Source assignments for vga_adapter:VGA|altsyncram:VideoMemory|altsyncram_26m1:auto_generated ;
+---------------------------------+--------------------+------+--------------------------------+
; Assignment                      ; Value              ; From ; To                             ;
+---------------------------------+--------------------+------+--------------------------------+
; OPTIMIZE_POWER_DURING_SYNTHESIS ; NORMAL_COMPILATION ; -    ; -                              ;
+---------------------------------+--------------------+------+--------------------------------+


+---------------------------------------------------------------------------+
; Parameter Settings for User Entity Instance: Top-level Entity: |drawmario ;
+----------------+-------+--------------------------------------------------+
; Parameter Name ; Value ; Type                                             ;
+----------------+-------+--------------------------------------------------+
; SCREEN_WIDTH   ; 320   ; Signed Integer                                   ;
; SCREEN_HEIGHT  ; 240   ; Signed Integer                                   ;
; MARIO_SIZE     ; 16    ; Signed Integer                                   ;
+----------------+-------+--------------------------------------------------+
Note: In order to hide this table in the UI and the text report file, please set the "Show Parameter Settings in Synthesis Report" option in "Analysis and Synthesis Settings -> More Settings" to "Off".


+----------------------------------------------------------------+
; Parameter Settings for User Entity Instance: PS2_Controller:P1 ;
+------------------+-------+-------------------------------------+
; Parameter Name   ; Value ; Type                                ;
+------------------+-------+-------------------------------------+
; INITIALIZE_MOUSE ; 0     ; Signed Integer                      ;
+------------------+-------+-------------------------------------+
Note: In order to hide this table in the UI and the text report file, please set the "Show Parameter Settings in Synthesis Report" option in "Analysis and Synthesis Settings -> More Settings" to "Off".


+----------------------------------------------------------------------------------------------------------+
; Parameter Settings for User Entity Instance: PS2_Controller:P1|Altera_UP_PS2_Command_Out:PS2_Command_Out ;
+------------------------------------+----------------------+----------------------------------------------+
; Parameter Name                     ; Value                ; Type                                         ;
+------------------------------------+----------------------+----------------------------------------------+
; CLOCK_CYCLES_FOR_101US             ; 5050                 ; Signed Integer                               ;
; NUMBER_OF_BITS_FOR_101US           ; 13                   ; Signed Integer                               ;
; COUNTER_INCREMENT_FOR_101US        ; 0000000000001        ; Unsigned Binary                              ;
; CLOCK_CYCLES_FOR_15MS              ; 750000               ; Signed Integer                               ;
; NUMBER_OF_BITS_FOR_15MS            ; 20                   ; Signed Integer                               ;
; COUNTER_INCREMENT_FOR_15MS         ; 00000000000000000001 ; Unsigned Binary                              ;
; CLOCK_CYCLES_FOR_2MS               ; 100000               ; Signed Integer                               ;
; NUMBER_OF_BITS_FOR_2MS             ; 17                   ; Signed Integer                               ;
; COUNTER_INCREMENT_FOR_2MS          ; 00000000000000001    ; Unsigned Binary                              ;
; PS2_STATE_0_IDLE                   ; 000                  ; Unsigned Binary                              ;
; PS2_STATE_1_INITIATE_COMMUNICATION ; 001                  ; Unsigned Binary                              ;
; PS2_STATE_2_WAIT_FOR_CLOCK         ; 010                  ; Unsigned Binary                              ;
; PS2_STATE_3_TRANSMIT_DATA          ; 011                  ; Unsigned Binary                              ;
; PS2_STATE_4_TRANSMIT_STOP_BIT      ; 100                  ; Unsigned Binary                              ;
; PS2_STATE_5_RECEIVE_ACK_BIT        ; 101                  ; Unsigned Binary                              ;
; PS2_STATE_6_COMMAND_WAS_SENT       ; 110                  ; Unsigned Binary                              ;
; PS2_STATE_7_TRANSMISSION_ERROR     ; 111                  ; Unsigned Binary                              ;
+------------------------------------+----------------------+----------------------------------------------+
Note: In order to hide this table in the UI and the text report file, please set the "Show Parameter Settings in Synthesis Report" option in "Analysis and Synthesis Settings -> More Settings" to "Off".


+---------------------------------------------------------------------------+
; Parameter Settings for User Entity Instance: touching_magentatop:touchtop ;
+----------------+-------+--------------------------------------------------+
; Parameter Name ; Value ; Type                                             ;
+----------------+-------+--------------------------------------------------+
; MARIO_SIZE     ; 16    ; Signed Integer                                   ;
; MAGENTA_COLOR  ; 101   ; Unsigned Binary                                  ;
+----------------+-------+--------------------------------------------------+
Note: In order to hide this table in the UI and the text report file, please set the "Show Parameter Settings in Synthesis Report" option in "Analysis and Synthesis Settings -> More Settings" to "Off".


+---------------------------------------------------------------------------------------------------------------------------------+
; Parameter Settings for User Entity Instance: touching_magentatop:touchtop|background_mem:bg_mem|altsyncram:altsyncram_component ;
+------------------------------------+----------------------+---------------------------------------------------------------------+
; Parameter Name                     ; Value                ; Type                                                                ;
+------------------------------------+----------------------+---------------------------------------------------------------------+
; BYTE_SIZE_BLOCK                    ; 8                    ; Untyped                                                             ;
; AUTO_CARRY_CHAINS                  ; ON                   ; AUTO_CARRY                                                          ;
; IGNORE_CARRY_BUFFERS               ; OFF                  ; IGNORE_CARRY                                                        ;
; AUTO_CASCADE_CHAINS                ; ON                   ; AUTO_CASCADE                                                        ;
; IGNORE_CASCADE_BUFFERS             ; OFF                  ; IGNORE_CASCADE                                                      ;
; WIDTH_BYTEENA                      ; 1                    ; Untyped                                                             ;
; OPERATION_MODE                     ; ROM                  ; Untyped                                                             ;
; WIDTH_A                            ; 3                    ; Signed Integer                                                      ;
; WIDTHAD_A                          ; 17                   ; Signed Integer                                                      ;
; NUMWORDS_A                         ; 76800                ; Signed Integer                                                      ;
; OUTDATA_REG_A                      ; UNREGISTERED         ; Untyped                                                             ;
; ADDRESS_ACLR_A                     ; NONE                 ; Untyped                                                             ;
; OUTDATA_ACLR_A                     ; NONE                 ; Untyped                                                             ;
; WRCONTROL_ACLR_A                   ; NONE                 ; Untyped                                                             ;
; INDATA_ACLR_A                      ; NONE                 ; Untyped                                                             ;
; BYTEENA_ACLR_A                     ; NONE                 ; Untyped                                                             ;
; WIDTH_B                            ; 1                    ; Untyped                                                             ;
; WIDTHAD_B                          ; 1                    ; Untyped                                                             ;
; NUMWORDS_B                         ; 1                    ; Untyped                                                             ;
; INDATA_REG_B                       ; CLOCK1               ; Untyped                                                             ;
; WRCONTROL_WRADDRESS_REG_B          ; CLOCK1               ; Untyped                                                             ;
; RDCONTROL_REG_B                    ; CLOCK1               ; Untyped                                                             ;
; ADDRESS_REG_B                      ; CLOCK1               ; Untyped                                                             ;
; OUTDATA_REG_B                      ; UNREGISTERED         ; Untyped                                                             ;
; BYTEENA_REG_B                      ; CLOCK1               ; Untyped                                                             ;
; INDATA_ACLR_B                      ; NONE                 ; Untyped                                                             ;
; WRCONTROL_ACLR_B                   ; NONE                 ; Untyped                                                             ;
; ADDRESS_ACLR_B                     ; NONE                 ; Untyped                                                             ;
; OUTDATA_ACLR_B                     ; NONE                 ; Untyped                                                             ;
; RDCONTROL_ACLR_B                   ; NONE                 ; Untyped                                                             ;
; BYTEENA_ACLR_B                     ; NONE                 ; Untyped                                                             ;
; WIDTH_BYTEENA_A                    ; 1                    ; Signed Integer                                                      ;
; WIDTH_BYTEENA_B                    ; 1                    ; Untyped                                                             ;
; RAM_BLOCK_TYPE                     ; AUTO                 ; Untyped                                                             ;
; BYTE_SIZE                          ; 8                    ; Untyped                                                             ;
; READ_DURING_WRITE_MODE_MIXED_PORTS ; DONT_CARE            ; Untyped                                                             ;
; READ_DURING_WRITE_MODE_PORT_A      ; NEW_DATA_NO_NBE_READ ; Untyped                                                             ;
; READ_DURING_WRITE_MODE_PORT_B      ; NEW_DATA_NO_NBE_READ ; Untyped                                                             ;
; INIT_FILE                          ; map320magenta.mif    ; Untyped                                                             ;
; INIT_FILE_LAYOUT                   ; PORT_A               ; Untyped                                                             ;
; MAXIMUM_DEPTH                      ; 0                    ; Untyped                                                             ;
; CLOCK_ENABLE_INPUT_A               ; BYPASS               ; Untyped                                                             ;
; CLOCK_ENABLE_INPUT_B               ; NORMAL               ; Untyped                                                             ;
; CLOCK_ENABLE_OUTPUT_A              ; BYPASS               ; Untyped                                                             ;
; CLOCK_ENABLE_OUTPUT_B              ; NORMAL               ; Untyped                                                             ;
; CLOCK_ENABLE_CORE_A                ; USE_INPUT_CLKEN      ; Untyped                                                             ;
; CLOCK_ENABLE_CORE_B                ; USE_INPUT_CLKEN      ; Untyped                                                             ;
; ENABLE_ECC                         ; FALSE                ; Untyped                                                             ;
; ECC_PIPELINE_STAGE_ENABLED         ; FALSE                ; Untyped                                                             ;
; WIDTH_ECCSTATUS                    ; 3                    ; Untyped                                                             ;
; DEVICE_FAMILY                      ; Cyclone V            ; Untyped                                                             ;
; CBXI_PARAMETER                     ; altsyncram_8rg1      ; Untyped                                                             ;
+------------------------------------+----------------------+---------------------------------------------------------------------+
Note: In order to hide this table in the UI and the text report file, please set the "Show Parameter Settings in Synthesis Report" option in "Analysis and Synthesis Settings -> More Settings" to "Off".


+---------------------------------------------------------------------+
; Parameter Settings for User Entity Instance: touching_magenta:touch ;
+----------------+-------+--------------------------------------------+
; Parameter Name ; Value ; Type                                       ;
+----------------+-------+--------------------------------------------+
; MARIO_SIZE     ; 16    ; Signed Integer                             ;
; MAGENTA_COLOR  ; 101   ; Unsigned Binary                            ;
+----------------+-------+--------------------------------------------+
Note: In order to hide this table in the UI and the text report file, please set the "Show Parameter Settings in Synthesis Report" option in "Analysis and Synthesis Settings -> More Settings" to "Off".


+---------------------------------------------------------------------------------------------------------------------------+
; Parameter Settings for User Entity Instance: touching_magenta:touch|background_mem:bg_mem|altsyncram:altsyncram_component ;
+------------------------------------+----------------------+---------------------------------------------------------------+
; Parameter Name                     ; Value                ; Type                                                          ;
+------------------------------------+----------------------+---------------------------------------------------------------+
; BYTE_SIZE_BLOCK                    ; 8                    ; Untyped                                                       ;
; AUTO_CARRY_CHAINS                  ; ON                   ; AUTO_CARRY                                                    ;
; IGNORE_CARRY_BUFFERS               ; OFF                  ; IGNORE_CARRY                                                  ;
; AUTO_CASCADE_CHAINS                ; ON                   ; AUTO_CASCADE                                                  ;
; IGNORE_CASCADE_BUFFERS             ; OFF                  ; IGNORE_CASCADE                                                ;
; WIDTH_BYTEENA                      ; 1                    ; Untyped                                                       ;
; OPERATION_MODE                     ; ROM                  ; Untyped                                                       ;
; WIDTH_A                            ; 3                    ; Signed Integer                                                ;
; WIDTHAD_A                          ; 17                   ; Signed Integer                                                ;
; NUMWORDS_A                         ; 76800                ; Signed Integer                                                ;
; OUTDATA_REG_A                      ; UNREGISTERED         ; Untyped                                                       ;
; ADDRESS_ACLR_A                     ; NONE                 ; Untyped                                                       ;
; OUTDATA_ACLR_A                     ; NONE                 ; Untyped                                                       ;
; WRCONTROL_ACLR_A                   ; NONE                 ; Untyped                                                       ;
; INDATA_ACLR_A                      ; NONE                 ; Untyped                                                       ;
; BYTEENA_ACLR_A                     ; NONE                 ; Untyped                                                       ;
; WIDTH_B                            ; 1                    ; Untyped                                                       ;
; WIDTHAD_B                          ; 1                    ; Untyped                                                       ;
; NUMWORDS_B                         ; 1                    ; Untyped                                                       ;
; INDATA_REG_B                       ; CLOCK1               ; Untyped                                                       ;
; WRCONTROL_WRADDRESS_REG_B          ; CLOCK1               ; Untyped                                                       ;
; RDCONTROL_REG_B                    ; CLOCK1               ; Untyped                                                       ;
; ADDRESS_REG_B                      ; CLOCK1               ; Untyped                                                       ;
; OUTDATA_REG_B                      ; UNREGISTERED         ; Untyped                                                       ;
; BYTEENA_REG_B                      ; CLOCK1               ; Untyped                                                       ;
; INDATA_ACLR_B                      ; NONE                 ; Untyped                                                       ;
; WRCONTROL_ACLR_B                   ; NONE                 ; Untyped                                                       ;
; ADDRESS_ACLR_B                     ; NONE                 ; Untyped                                                       ;
; OUTDATA_ACLR_B                     ; NONE                 ; Untyped                                                       ;
; RDCONTROL_ACLR_B                   ; NONE                 ; Untyped                                                       ;
; BYTEENA_ACLR_B                     ; NONE                 ; Untyped                                                       ;
; WIDTH_BYTEENA_A                    ; 1                    ; Signed Integer                                                ;
; WIDTH_BYTEENA_B                    ; 1                    ; Untyped                                                       ;
; RAM_BLOCK_TYPE                     ; AUTO                 ; Untyped                                                       ;
; BYTE_SIZE                          ; 8                    ; Untyped                                                       ;
; READ_DURING_WRITE_MODE_MIXED_PORTS ; DONT_CARE            ; Untyped                                                       ;
; READ_DURING_WRITE_MODE_PORT_A      ; NEW_DATA_NO_NBE_READ ; Untyped                                                       ;
; READ_DURING_WRITE_MODE_PORT_B      ; NEW_DATA_NO_NBE_READ ; Untyped                                                       ;
; INIT_FILE                          ; map320magenta.mif    ; Untyped                                                       ;
; INIT_FILE_LAYOUT                   ; PORT_A               ; Untyped                                                       ;
; MAXIMUM_DEPTH                      ; 0                    ; Untyped                                                       ;
; CLOCK_ENABLE_INPUT_A               ; BYPASS               ; Untyped                                                       ;
; CLOCK_ENABLE_INPUT_B               ; NORMAL               ; Untyped                                                       ;
; CLOCK_ENABLE_OUTPUT_A              ; BYPASS               ; Untyped                                                       ;
; CLOCK_ENABLE_OUTPUT_B              ; NORMAL               ; Untyped                                                       ;
; CLOCK_ENABLE_CORE_A                ; USE_INPUT_CLKEN      ; Untyped                                                       ;
; CLOCK_ENABLE_CORE_B                ; USE_INPUT_CLKEN      ; Untyped                                                       ;
; ENABLE_ECC                         ; FALSE                ; Untyped                                                       ;
; ECC_PIPELINE_STAGE_ENABLED         ; FALSE                ; Untyped                                                       ;
; WIDTH_ECCSTATUS                    ; 3                    ; Untyped                                                       ;
; DEVICE_FAMILY                      ; Cyclone V            ; Untyped                                                       ;
; CBXI_PARAMETER                     ; altsyncram_8rg1      ; Untyped                                                       ;
+------------------------------------+----------------------+---------------------------------------------------------------+
Note: In order to hide this table in the UI and the text report file, please set the "Show Parameter Settings in Synthesis Report" option in "Analysis and Synthesis Settings -> More Settings" to "Off".


+---------------------------------------------------------------------------------------------------+
; Parameter Settings for User Entity Instance: object_mem:mario_mem|altsyncram:altsyncram_component ;
+------------------------------------+-----------------------+--------------------------------------+
; Parameter Name                     ; Value                 ; Type                                 ;
+------------------------------------+-----------------------+--------------------------------------+
; BYTE_SIZE_BLOCK                    ; 8                     ; Untyped                              ;
; AUTO_CARRY_CHAINS                  ; ON                    ; AUTO_CARRY                           ;
; IGNORE_CARRY_BUFFERS               ; OFF                   ; IGNORE_CARRY                         ;
; AUTO_CASCADE_CHAINS                ; ON                    ; AUTO_CASCADE                         ;
; IGNORE_CASCADE_BUFFERS             ; OFF                   ; IGNORE_CASCADE                       ;
; WIDTH_BYTEENA                      ; 1                     ; Untyped                              ;
; OPERATION_MODE                     ; ROM                   ; Untyped                              ;
; WIDTH_A                            ; 3                     ; Signed Integer                       ;
; WIDTHAD_A                          ; 8                     ; Signed Integer                       ;
; NUMWORDS_A                         ; 256                   ; Signed Integer                       ;
; OUTDATA_REG_A                      ; UNREGISTERED          ; Untyped                              ;
; ADDRESS_ACLR_A                     ; NONE                  ; Untyped                              ;
; OUTDATA_ACLR_A                     ; NONE                  ; Untyped                              ;
; WRCONTROL_ACLR_A                   ; NONE                  ; Untyped                              ;
; INDATA_ACLR_A                      ; NONE                  ; Untyped                              ;
; BYTEENA_ACLR_A                     ; NONE                  ; Untyped                              ;
; WIDTH_B                            ; 1                     ; Untyped                              ;
; WIDTHAD_B                          ; 1                     ; Untyped                              ;
; NUMWORDS_B                         ; 1                     ; Untyped                              ;
; INDATA_REG_B                       ; CLOCK1                ; Untyped                              ;
; WRCONTROL_WRADDRESS_REG_B          ; CLOCK1                ; Untyped                              ;
; RDCONTROL_REG_B                    ; CLOCK1                ; Untyped                              ;
; ADDRESS_REG_B                      ; CLOCK1                ; Untyped                              ;
; OUTDATA_REG_B                      ; UNREGISTERED          ; Untyped                              ;
; BYTEENA_REG_B                      ; CLOCK1                ; Untyped                              ;
; INDATA_ACLR_B                      ; NONE                  ; Untyped                              ;
; WRCONTROL_ACLR_B                   ; NONE                  ; Untyped                              ;
; ADDRESS_ACLR_B                     ; NONE                  ; Untyped                              ;
; OUTDATA_ACLR_B                     ; NONE                  ; Untyped                              ;
; RDCONTROL_ACLR_B                   ; NONE                  ; Untyped                              ;
; BYTEENA_ACLR_B                     ; NONE                  ; Untyped                              ;
; WIDTH_BYTEENA_A                    ; 1                     ; Signed Integer                       ;
; WIDTH_BYTEENA_B                    ; 1                     ; Untyped                              ;
; RAM_BLOCK_TYPE                     ; AUTO                  ; Untyped                              ;
; BYTE_SIZE                          ; 8                     ; Untyped                              ;
; READ_DURING_WRITE_MODE_MIXED_PORTS ; DONT_CARE             ; Untyped                              ;
; READ_DURING_WRITE_MODE_PORT_A      ; NEW_DATA_NO_NBE_READ  ; Untyped                              ;
; READ_DURING_WRITE_MODE_PORT_B      ; NEW_DATA_NO_NBE_READ  ; Untyped                              ;
; INIT_FILE                          ; mariorunninggreen.mif ; Untyped                              ;
; INIT_FILE_LAYOUT                   ; PORT_A                ; Untyped                              ;
; MAXIMUM_DEPTH                      ; 0                     ; Untyped                              ;
; CLOCK_ENABLE_INPUT_A               ; BYPASS                ; Untyped                              ;
; CLOCK_ENABLE_INPUT_B               ; NORMAL                ; Untyped                              ;
; CLOCK_ENABLE_OUTPUT_A              ; BYPASS                ; Untyped                              ;
; CLOCK_ENABLE_OUTPUT_B              ; NORMAL                ; Untyped                              ;
; CLOCK_ENABLE_CORE_A                ; USE_INPUT_CLKEN       ; Untyped                              ;
; CLOCK_ENABLE_CORE_B                ; USE_INPUT_CLKEN       ; Untyped                              ;
; ENABLE_ECC                         ; FALSE                 ; Untyped                              ;
; ECC_PIPELINE_STAGE_ENABLED         ; FALSE                 ; Untyped                              ;
; WIDTH_ECCSTATUS                    ; 3                     ; Untyped                              ;
; DEVICE_FAMILY                      ; Cyclone V             ; Untyped                              ;
; CBXI_PARAMETER                     ; altsyncram_aah1       ; Untyped                              ;
+------------------------------------+-----------------------+--------------------------------------+
Note: In order to hide this table in the UI and the text report file, please set the "Show Parameter Settings in Synthesis Report" option in "Analysis and Synthesis Settings -> More Settings" to "Off".


+-----------------------------------------------------------------------+
; Parameter Settings for User Entity Instance: touching_cyan:cyan_check ;
+----------------+-------+----------------------------------------------+
; Parameter Name ; Value ; Type                                         ;
+----------------+-------+----------------------------------------------+
; MARIO_SIZE     ; 16    ; Signed Integer                               ;
; CYAN_COLOR     ; 011   ; Unsigned Binary                              ;
+----------------+-------+----------------------------------------------+
Note: In order to hide this table in the UI and the text report file, please set the "Show Parameter Settings in Synthesis Report" option in "Analysis and Synthesis Settings -> More Settings" to "Off".


+-----------------------------------------------------------------------------------------------------------------------------+
; Parameter Settings for User Entity Instance: touching_cyan:cyan_check|background_mem:bg_mem|altsyncram:altsyncram_component ;
+------------------------------------+----------------------+-----------------------------------------------------------------+
; Parameter Name                     ; Value                ; Type                                                            ;
+------------------------------------+----------------------+-----------------------------------------------------------------+
; BYTE_SIZE_BLOCK                    ; 8                    ; Untyped                                                         ;
; AUTO_CARRY_CHAINS                  ; ON                   ; AUTO_CARRY                                                      ;
; IGNORE_CARRY_BUFFERS               ; OFF                  ; IGNORE_CARRY                                                    ;
; AUTO_CASCADE_CHAINS                ; ON                   ; AUTO_CASCADE                                                    ;
; IGNORE_CASCADE_BUFFERS             ; OFF                  ; IGNORE_CASCADE                                                  ;
; WIDTH_BYTEENA                      ; 1                    ; Untyped                                                         ;
; OPERATION_MODE                     ; ROM                  ; Untyped                                                         ;
; WIDTH_A                            ; 3                    ; Signed Integer                                                  ;
; WIDTHAD_A                          ; 17                   ; Signed Integer                                                  ;
; NUMWORDS_A                         ; 76800                ; Signed Integer                                                  ;
; OUTDATA_REG_A                      ; UNREGISTERED         ; Untyped                                                         ;
; ADDRESS_ACLR_A                     ; NONE                 ; Untyped                                                         ;
; OUTDATA_ACLR_A                     ; NONE                 ; Untyped                                                         ;
; WRCONTROL_ACLR_A                   ; NONE                 ; Untyped                                                         ;
; INDATA_ACLR_A                      ; NONE                 ; Untyped                                                         ;
; BYTEENA_ACLR_A                     ; NONE                 ; Untyped                                                         ;
; WIDTH_B                            ; 1                    ; Untyped                                                         ;
; WIDTHAD_B                          ; 1                    ; Untyped                                                         ;
; NUMWORDS_B                         ; 1                    ; Untyped                                                         ;
; INDATA_REG_B                       ; CLOCK1               ; Untyped                                                         ;
; WRCONTROL_WRADDRESS_REG_B          ; CLOCK1               ; Untyped                                                         ;
; RDCONTROL_REG_B                    ; CLOCK1               ; Untyped                                                         ;
; ADDRESS_REG_B                      ; CLOCK1               ; Untyped                                                         ;
; OUTDATA_REG_B                      ; UNREGISTERED         ; Untyped                                                         ;
; BYTEENA_REG_B                      ; CLOCK1               ; Untyped                                                         ;
; INDATA_ACLR_B                      ; NONE                 ; Untyped                                                         ;
; WRCONTROL_ACLR_B                   ; NONE                 ; Untyped                                                         ;
; ADDRESS_ACLR_B                     ; NONE                 ; Untyped                                                         ;
; OUTDATA_ACLR_B                     ; NONE                 ; Untyped                                                         ;
; RDCONTROL_ACLR_B                   ; NONE                 ; Untyped                                                         ;
; BYTEENA_ACLR_B                     ; NONE                 ; Untyped                                                         ;
; WIDTH_BYTEENA_A                    ; 1                    ; Signed Integer                                                  ;
; WIDTH_BYTEENA_B                    ; 1                    ; Untyped                                                         ;
; RAM_BLOCK_TYPE                     ; AUTO                 ; Untyped                                                         ;
; BYTE_SIZE                          ; 8                    ; Untyped                                                         ;
; READ_DURING_WRITE_MODE_MIXED_PORTS ; DONT_CARE            ; Untyped                                                         ;
; READ_DURING_WRITE_MODE_PORT_A      ; NEW_DATA_NO_NBE_READ ; Untyped                                                         ;
; READ_DURING_WRITE_MODE_PORT_B      ; NEW_DATA_NO_NBE_READ ; Untyped                                                         ;
; INIT_FILE                          ; map320magenta.mif    ; Untyped                                                         ;
; INIT_FILE_LAYOUT                   ; PORT_A               ; Untyped                                                         ;
; MAXIMUM_DEPTH                      ; 0                    ; Untyped                                                         ;
; CLOCK_ENABLE_INPUT_A               ; BYPASS               ; Untyped                                                         ;
; CLOCK_ENABLE_INPUT_B               ; NORMAL               ; Untyped                                                         ;
; CLOCK_ENABLE_OUTPUT_A              ; BYPASS               ; Untyped                                                         ;
; CLOCK_ENABLE_OUTPUT_B              ; NORMAL               ; Untyped                                                         ;
; CLOCK_ENABLE_CORE_A                ; USE_INPUT_CLKEN      ; Untyped                                                         ;
; CLOCK_ENABLE_CORE_B                ; USE_INPUT_CLKEN      ; Untyped                                                         ;
; ENABLE_ECC                         ; FALSE                ; Untyped                                                         ;
; ECC_PIPELINE_STAGE_ENABLED         ; FALSE                ; Untyped                                                         ;
; WIDTH_ECCSTATUS                    ; 3                    ; Untyped                                                         ;
; DEVICE_FAMILY                      ; Cyclone V            ; Untyped                                                         ;
; CBXI_PARAMETER                     ; altsyncram_8rg1      ; Untyped                                                         ;
+------------------------------------+----------------------+-----------------------------------------------------------------+
Note: In order to hide this table in the UI and the text report file, please set the "Show Parameter Settings in Synthesis Report" option in "Analysis and Synthesis Settings -> More Settings" to "Off".


+-------------------------------------------------------------------------------------------+
; Parameter Settings for User Entity Instance: touching_left_bottom_magenta:check_stairleft ;
+----------------+-------+------------------------------------------------------------------+
; Parameter Name ; Value ; Type                                                             ;
+----------------+-------+------------------------------------------------------------------+
; MARIO_SIZE     ; 16    ; Signed Integer                                                   ;
; MAGENTA_COLOR  ; 101   ; Unsigned Binary                                                  ;
+----------------+-------+------------------------------------------------------------------+
Note: In order to hide this table in the UI and the text report file, please set the "Show Parameter Settings in Synthesis Report" option in "Analysis and Synthesis Settings -> More Settings" to "Off".


+-------------------------------------------------------------------------------------------------------------------------------------------------+
; Parameter Settings for User Entity Instance: touching_left_bottom_magenta:check_stairleft|background_mem:bg_mem|altsyncram:altsyncram_component ;
+------------------------------------+----------------------+-------------------------------------------------------------------------------------+
; Parameter Name                     ; Value                ; Type                                                                                ;
+------------------------------------+----------------------+-------------------------------------------------------------------------------------+
; BYTE_SIZE_BLOCK                    ; 8                    ; Untyped                                                                             ;
; AUTO_CARRY_CHAINS                  ; ON                   ; AUTO_CARRY                                                                          ;
; IGNORE_CARRY_BUFFERS               ; OFF                  ; IGNORE_CARRY                                                                        ;
; AUTO_CASCADE_CHAINS                ; ON                   ; AUTO_CASCADE                                                                        ;
; IGNORE_CASCADE_BUFFERS             ; OFF                  ; IGNORE_CASCADE                                                                      ;
; WIDTH_BYTEENA                      ; 1                    ; Untyped                                                                             ;
; OPERATION_MODE                     ; ROM                  ; Untyped                                                                             ;
; WIDTH_A                            ; 3                    ; Signed Integer                                                                      ;
; WIDTHAD_A                          ; 17                   ; Signed Integer                                                                      ;
; NUMWORDS_A                         ; 76800                ; Signed Integer                                                                      ;
; OUTDATA_REG_A                      ; UNREGISTERED         ; Untyped                                                                             ;
; ADDRESS_ACLR_A                     ; NONE                 ; Untyped                                                                             ;
; OUTDATA_ACLR_A                     ; NONE                 ; Untyped                                                                             ;
; WRCONTROL_ACLR_A                   ; NONE                 ; Untyped                                                                             ;
; INDATA_ACLR_A                      ; NONE                 ; Untyped                                                                             ;
; BYTEENA_ACLR_A                     ; NONE                 ; Untyped                                                                             ;
; WIDTH_B                            ; 1                    ; Untyped                                                                             ;
; WIDTHAD_B                          ; 1                    ; Untyped                                                                             ;
; NUMWORDS_B                         ; 1                    ; Untyped                                                                             ;
; INDATA_REG_B                       ; CLOCK1               ; Untyped                                                                             ;
; WRCONTROL_WRADDRESS_REG_B          ; CLOCK1               ; Untyped                                                                             ;
; RDCONTROL_REG_B                    ; CLOCK1               ; Untyped                                                                             ;
; ADDRESS_REG_B                      ; CLOCK1               ; Untyped                                                                             ;
; OUTDATA_REG_B                      ; UNREGISTERED         ; Untyped                                                                             ;
; BYTEENA_REG_B                      ; CLOCK1               ; Untyped                                                                             ;
; INDATA_ACLR_B                      ; NONE                 ; Untyped                                                                             ;
; WRCONTROL_ACLR_B                   ; NONE                 ; Untyped                                                                             ;
; ADDRESS_ACLR_B                     ; NONE                 ; Untyped                                                                             ;
; OUTDATA_ACLR_B                     ; NONE                 ; Untyped                                                                             ;
; RDCONTROL_ACLR_B                   ; NONE                 ; Untyped                                                                             ;
; BYTEENA_ACLR_B                     ; NONE                 ; Untyped                                                                             ;
; WIDTH_BYTEENA_A                    ; 1                    ; Signed Integer                                                                      ;
; WIDTH_BYTEENA_B                    ; 1                    ; Untyped                                                                             ;
; RAM_BLOCK_TYPE                     ; AUTO                 ; Untyped                                                                             ;
; BYTE_SIZE                          ; 8                    ; Untyped                                                                             ;
; READ_DURING_WRITE_MODE_MIXED_PORTS ; DONT_CARE            ; Untyped                                                                             ;
; READ_DURING_WRITE_MODE_PORT_A      ; NEW_DATA_NO_NBE_READ ; Untyped                                                                             ;
; READ_DURING_WRITE_MODE_PORT_B      ; NEW_DATA_NO_NBE_READ ; Untyped                                                                             ;
; INIT_FILE                          ; map320magenta.mif    ; Untyped                                                                             ;
; INIT_FILE_LAYOUT                   ; PORT_A               ; Untyped                                                                             ;
; MAXIMUM_DEPTH                      ; 0                    ; Untyped                                                                             ;
; CLOCK_ENABLE_INPUT_A               ; BYPASS               ; Untyped                                                                             ;
; CLOCK_ENABLE_INPUT_B               ; NORMAL               ; Untyped                                                                             ;
; CLOCK_ENABLE_OUTPUT_A              ; BYPASS               ; Untyped                                                                             ;
; CLOCK_ENABLE_OUTPUT_B              ; NORMAL               ; Untyped                                                                             ;
; CLOCK_ENABLE_CORE_A                ; USE_INPUT_CLKEN      ; Untyped                                                                             ;
; CLOCK_ENABLE_CORE_B                ; USE_INPUT_CLKEN      ; Untyped                                                                             ;
; ENABLE_ECC                         ; FALSE                ; Untyped                                                                             ;
; ECC_PIPELINE_STAGE_ENABLED         ; FALSE                ; Untyped                                                                             ;
; WIDTH_ECCSTATUS                    ; 3                    ; Untyped                                                                             ;
; DEVICE_FAMILY                      ; Cyclone V            ; Untyped                                                                             ;
; CBXI_PARAMETER                     ; altsyncram_8rg1      ; Untyped                                                                             ;
+------------------------------------+----------------------+-------------------------------------------------------------------------------------+
Note: In order to hide this table in the UI and the text report file, please set the "Show Parameter Settings in Synthesis Report" option in "Analysis and Synthesis Settings -> More Settings" to "Off".


+---------------------------------------------------------------------------------------------+
; Parameter Settings for User Entity Instance: touching_right_bottom_magenta:check_stairright ;
+----------------+-------+--------------------------------------------------------------------+
; Parameter Name ; Value ; Type                                                               ;
+----------------+-------+--------------------------------------------------------------------+
; MARIO_SIZE     ; 16    ; Signed Integer                                                     ;
; MAGENTA_COLOR  ; 101   ; Unsigned Binary                                                    ;
+----------------+-------+--------------------------------------------------------------------+
Note: In order to hide this table in the UI and the text report file, please set the "Show Parameter Settings in Synthesis Report" option in "Analysis and Synthesis Settings -> More Settings" to "Off".


+---------------------------------------------------------------------------------------------------------------------------------------------------+
; Parameter Settings for User Entity Instance: touching_right_bottom_magenta:check_stairright|background_mem:bg_mem|altsyncram:altsyncram_component ;
+------------------------------------+----------------------+---------------------------------------------------------------------------------------+
; Parameter Name                     ; Value                ; Type                                                                                  ;
+------------------------------------+----------------------+---------------------------------------------------------------------------------------+
; BYTE_SIZE_BLOCK                    ; 8                    ; Untyped                                                                               ;
; AUTO_CARRY_CHAINS                  ; ON                   ; AUTO_CARRY                                                                            ;
; IGNORE_CARRY_BUFFERS               ; OFF                  ; IGNORE_CARRY                                                                          ;
; AUTO_CASCADE_CHAINS                ; ON                   ; AUTO_CASCADE                                                                          ;
; IGNORE_CASCADE_BUFFERS             ; OFF                  ; IGNORE_CASCADE                                                                        ;
; WIDTH_BYTEENA                      ; 1                    ; Untyped                                                                               ;
; OPERATION_MODE                     ; ROM                  ; Untyped                                                                               ;
; WIDTH_A                            ; 3                    ; Signed Integer                                                                        ;
; WIDTHAD_A                          ; 17                   ; Signed Integer                                                                        ;
; NUMWORDS_A                         ; 76800                ; Signed Integer                                                                        ;
; OUTDATA_REG_A                      ; UNREGISTERED         ; Untyped                                                                               ;
; ADDRESS_ACLR_A                     ; NONE                 ; Untyped                                                                               ;
; OUTDATA_ACLR_A                     ; NONE                 ; Untyped                                                                               ;
; WRCONTROL_ACLR_A                   ; NONE                 ; Untyped                                                                               ;
; INDATA_ACLR_A                      ; NONE                 ; Untyped                                                                               ;
; BYTEENA_ACLR_A                     ; NONE                 ; Untyped                                                                               ;
; WIDTH_B                            ; 1                    ; Untyped                                                                               ;
; WIDTHAD_B                          ; 1                    ; Untyped                                                                               ;
; NUMWORDS_B                         ; 1                    ; Untyped                                                                               ;
; INDATA_REG_B                       ; CLOCK1               ; Untyped                                                                               ;
; WRCONTROL_WRADDRESS_REG_B          ; CLOCK1               ; Untyped                                                                               ;
; RDCONTROL_REG_B                    ; CLOCK1               ; Untyped                                                                               ;
; ADDRESS_REG_B                      ; CLOCK1               ; Untyped                                                                               ;
; OUTDATA_REG_B                      ; UNREGISTERED         ; Untyped                                                                               ;
; BYTEENA_REG_B                      ; CLOCK1               ; Untyped                                                                               ;
; INDATA_ACLR_B                      ; NONE                 ; Untyped                                                                               ;
; WRCONTROL_ACLR_B                   ; NONE                 ; Untyped                                                                               ;
; ADDRESS_ACLR_B                     ; NONE                 ; Untyped                                                                               ;
; OUTDATA_ACLR_B                     ; NONE                 ; Untyped                                                                               ;
; RDCONTROL_ACLR_B                   ; NONE                 ; Untyped                                                                               ;
; BYTEENA_ACLR_B                     ; NONE                 ; Untyped                                                                               ;
; WIDTH_BYTEENA_A                    ; 1                    ; Signed Integer                                                                        ;
; WIDTH_BYTEENA_B                    ; 1                    ; Untyped                                                                               ;
; RAM_BLOCK_TYPE                     ; AUTO                 ; Untyped                                                                               ;
; BYTE_SIZE                          ; 8                    ; Untyped                                                                               ;
; READ_DURING_WRITE_MODE_MIXED_PORTS ; DONT_CARE            ; Untyped                                                                               ;
; READ_DURING_WRITE_MODE_PORT_A      ; NEW_DATA_NO_NBE_READ ; Untyped                                                                               ;
; READ_DURING_WRITE_MODE_PORT_B      ; NEW_DATA_NO_NBE_READ ; Untyped                                                                               ;
; INIT_FILE                          ; map320magenta.mif    ; Untyped                                                                               ;
; INIT_FILE_LAYOUT                   ; PORT_A               ; Untyped                                                                               ;
; MAXIMUM_DEPTH                      ; 0                    ; Untyped                                                                               ;
; CLOCK_ENABLE_INPUT_A               ; BYPASS               ; Untyped                                                                               ;
; CLOCK_ENABLE_INPUT_B               ; NORMAL               ; Untyped                                                                               ;
; CLOCK_ENABLE_OUTPUT_A              ; BYPASS               ; Untyped                                                                               ;
; CLOCK_ENABLE_OUTPUT_B              ; NORMAL               ; Untyped                                                                               ;
; CLOCK_ENABLE_CORE_A                ; USE_INPUT_CLKEN      ; Untyped                                                                               ;
; CLOCK_ENABLE_CORE_B                ; USE_INPUT_CLKEN      ; Untyped                                                                               ;
; ENABLE_ECC                         ; FALSE                ; Untyped                                                                               ;
; ECC_PIPELINE_STAGE_ENABLED         ; FALSE                ; Untyped                                                                               ;
; WIDTH_ECCSTATUS                    ; 3                    ; Untyped                                                                               ;
; DEVICE_FAMILY                      ; Cyclone V            ; Untyped                                                                               ;
; CBXI_PARAMETER                     ; altsyncram_8rg1      ; Untyped                                                                               ;
+------------------------------------+----------------------+---------------------------------------------------------------------------------------+
Note: In order to hide this table in the UI and the text report file, please set the "Show Parameter Settings in Synthesis Report" option in "Analysis and Synthesis Settings -> More Settings" to "Off".


+-------------------------------------------------------------------------------------------------------+
; Parameter Settings for User Entity Instance: background_mem:displayBG|altsyncram:altsyncram_component ;
+------------------------------------+----------------------+-------------------------------------------+
; Parameter Name                     ; Value                ; Type                                      ;
+------------------------------------+----------------------+-------------------------------------------+
; BYTE_SIZE_BLOCK                    ; 8                    ; Untyped                                   ;
; AUTO_CARRY_CHAINS                  ; ON                   ; AUTO_CARRY                                ;
; IGNORE_CARRY_BUFFERS               ; OFF                  ; IGNORE_CARRY                              ;
; AUTO_CASCADE_CHAINS                ; ON                   ; AUTO_CASCADE                              ;
; IGNORE_CASCADE_BUFFERS             ; OFF                  ; IGNORE_CASCADE                            ;
; WIDTH_BYTEENA                      ; 1                    ; Untyped                                   ;
; OPERATION_MODE                     ; ROM                  ; Untyped                                   ;
; WIDTH_A                            ; 3                    ; Signed Integer                            ;
; WIDTHAD_A                          ; 17                   ; Signed Integer                            ;
; NUMWORDS_A                         ; 76800                ; Signed Integer                            ;
; OUTDATA_REG_A                      ; UNREGISTERED         ; Untyped                                   ;
; ADDRESS_ACLR_A                     ; NONE                 ; Untyped                                   ;
; OUTDATA_ACLR_A                     ; NONE                 ; Untyped                                   ;
; WRCONTROL_ACLR_A                   ; NONE                 ; Untyped                                   ;
; INDATA_ACLR_A                      ; NONE                 ; Untyped                                   ;
; BYTEENA_ACLR_A                     ; NONE                 ; Untyped                                   ;
; WIDTH_B                            ; 1                    ; Untyped                                   ;
; WIDTHAD_B                          ; 1                    ; Untyped                                   ;
; NUMWORDS_B                         ; 1                    ; Untyped                                   ;
; INDATA_REG_B                       ; CLOCK1               ; Untyped                                   ;
; WRCONTROL_WRADDRESS_REG_B          ; CLOCK1               ; Untyped                                   ;
; RDCONTROL_REG_B                    ; CLOCK1               ; Untyped                                   ;
; ADDRESS_REG_B                      ; CLOCK1               ; Untyped                                   ;
; OUTDATA_REG_B                      ; UNREGISTERED         ; Untyped                                   ;
; BYTEENA_REG_B                      ; CLOCK1               ; Untyped                                   ;
; INDATA_ACLR_B                      ; NONE                 ; Untyped                                   ;
; WRCONTROL_ACLR_B                   ; NONE                 ; Untyped                                   ;
; ADDRESS_ACLR_B                     ; NONE                 ; Untyped                                   ;
; OUTDATA_ACLR_B                     ; NONE                 ; Untyped                                   ;
; RDCONTROL_ACLR_B                   ; NONE                 ; Untyped                                   ;
; BYTEENA_ACLR_B                     ; NONE                 ; Untyped                                   ;
; WIDTH_BYTEENA_A                    ; 1                    ; Signed Integer                            ;
; WIDTH_BYTEENA_B                    ; 1                    ; Untyped                                   ;
; RAM_BLOCK_TYPE                     ; AUTO                 ; Untyped                                   ;
; BYTE_SIZE                          ; 8                    ; Untyped                                   ;
; READ_DURING_WRITE_MODE_MIXED_PORTS ; DONT_CARE            ; Untyped                                   ;
; READ_DURING_WRITE_MODE_PORT_A      ; NEW_DATA_NO_NBE_READ ; Untyped                                   ;
; READ_DURING_WRITE_MODE_PORT_B      ; NEW_DATA_NO_NBE_READ ; Untyped                                   ;
; INIT_FILE                          ; map320magenta.mif    ; Untyped                                   ;
; INIT_FILE_LAYOUT                   ; PORT_A               ; Untyped                                   ;
; MAXIMUM_DEPTH                      ; 0                    ; Untyped                                   ;
; CLOCK_ENABLE_INPUT_A               ; BYPASS               ; Untyped                                   ;
; CLOCK_ENABLE_INPUT_B               ; NORMAL               ; Untyped                                   ;
; CLOCK_ENABLE_OUTPUT_A              ; BYPASS               ; Untyped                                   ;
; CLOCK_ENABLE_OUTPUT_B              ; NORMAL               ; Untyped                                   ;
; CLOCK_ENABLE_CORE_A                ; USE_INPUT_CLKEN      ; Untyped                                   ;
; CLOCK_ENABLE_CORE_B                ; USE_INPUT_CLKEN      ; Untyped                                   ;
; ENABLE_ECC                         ; FALSE                ; Untyped                                   ;
; ECC_PIPELINE_STAGE_ENABLED         ; FALSE                ; Untyped                                   ;
; WIDTH_ECCSTATUS                    ; 3                    ; Untyped                                   ;
; DEVICE_FAMILY                      ; Cyclone V            ; Untyped                                   ;
; CBXI_PARAMETER                     ; altsyncram_8rg1      ; Untyped                                   ;
+------------------------------------+----------------------+-------------------------------------------+
Note: In order to hide this table in the UI and the text report file, please set the "Show Parameter Settings in Synthesis Report" option in "Analysis and Synthesis Settings -> More Settings" to "Off".


+--------------------------------------------------------------+
; Parameter Settings for User Entity Instance: vga_adapter:VGA ;
+-------------------------+------------+-----------------------+
; Parameter Name          ; Value      ; Type                  ;
+-------------------------+------------+-----------------------+
; BITS_PER_COLOUR_CHANNEL ; 1          ; Signed Integer        ;
; MONOCHROME              ; FALSE      ; String                ;
; RESOLUTION              ; 320x240    ; String                ;
; BACKGROUND_IMAGE        ; map320.mif ; String                ;
+-------------------------+------------+-----------------------+
Note: In order to hide this table in the UI and the text report file, please set the "Show Parameter Settings in Synthesis Report" option in "Analysis and Synthesis Settings -> More Settings" to "Off".


+-----------------------------------------------------------------------------------------------------------+
; Parameter Settings for User Entity Instance: vga_adapter:VGA|vga_address_translator:user_input_translator ;
+----------------+---------+--------------------------------------------------------------------------------+
; Parameter Name ; Value   ; Type                                                                           ;
+----------------+---------+--------------------------------------------------------------------------------+
; RESOLUTION     ; 320x240 ; String                                                                         ;
+----------------+---------+--------------------------------------------------------------------------------+
Note: In order to hide this table in the UI and the text report file, please set the "Show Parameter Settings in Synthesis Report" option in "Analysis and Synthesis Settings -> More Settings" to "Off".


+-------------------------------------------------------------------------------------+
; Parameter Settings for User Entity Instance: vga_adapter:VGA|altsyncram:VideoMemory ;
+------------------------------------+----------------------+-------------------------+
; Parameter Name                     ; Value                ; Type                    ;
+------------------------------------+----------------------+-------------------------+
; BYTE_SIZE_BLOCK                    ; 8                    ; Untyped                 ;
; AUTO_CARRY_CHAINS                  ; ON                   ; AUTO_CARRY              ;
; IGNORE_CARRY_BUFFERS               ; OFF                  ; IGNORE_CARRY            ;
; AUTO_CASCADE_CHAINS                ; ON                   ; AUTO_CASCADE            ;
; IGNORE_CASCADE_BUFFERS             ; OFF                  ; IGNORE_CASCADE          ;
; WIDTH_BYTEENA                      ; 1                    ; Untyped                 ;
; OPERATION_MODE                     ; DUAL_PORT            ; Untyped                 ;
; WIDTH_A                            ; 3                    ; Signed Integer          ;
; WIDTHAD_A                          ; 17                   ; Signed Integer          ;
; NUMWORDS_A                         ; 76800                ; Signed Integer          ;
; OUTDATA_REG_A                      ; UNREGISTERED         ; Untyped                 ;
; ADDRESS_ACLR_A                     ; NONE                 ; Untyped                 ;
; OUTDATA_ACLR_A                     ; NONE                 ; Untyped                 ;
; WRCONTROL_ACLR_A                   ; NONE                 ; Untyped                 ;
; INDATA_ACLR_A                      ; NONE                 ; Untyped                 ;
; BYTEENA_ACLR_A                     ; NONE                 ; Untyped                 ;
; WIDTH_B                            ; 3                    ; Signed Integer          ;
; WIDTHAD_B                          ; 17                   ; Signed Integer          ;
; NUMWORDS_B                         ; 76800                ; Signed Integer          ;
; INDATA_REG_B                       ; CLOCK1               ; Untyped                 ;
; WRCONTROL_WRADDRESS_REG_B          ; CLOCK1               ; Untyped                 ;
; RDCONTROL_REG_B                    ; CLOCK1               ; Untyped                 ;
; ADDRESS_REG_B                      ; CLOCK1               ; Untyped                 ;
; OUTDATA_REG_B                      ; CLOCK1               ; Untyped                 ;
; BYTEENA_REG_B                      ; CLOCK1               ; Untyped                 ;
; INDATA_ACLR_B                      ; NONE                 ; Untyped                 ;
; WRCONTROL_ACLR_B                   ; NONE                 ; Untyped                 ;
; ADDRESS_ACLR_B                     ; NONE                 ; Untyped                 ;
; OUTDATA_ACLR_B                     ; NONE                 ; Untyped                 ;
; RDCONTROL_ACLR_B                   ; NONE                 ; Untyped                 ;
; BYTEENA_ACLR_B                     ; NONE                 ; Untyped                 ;
; WIDTH_BYTEENA_A                    ; 1                    ; Untyped                 ;
; WIDTH_BYTEENA_B                    ; 1                    ; Untyped                 ;
; RAM_BLOCK_TYPE                     ; AUTO                 ; Untyped                 ;
; BYTE_SIZE                          ; 8                    ; Untyped                 ;
; READ_DURING_WRITE_MODE_MIXED_PORTS ; DONT_CARE            ; Untyped                 ;
; READ_DURING_WRITE_MODE_PORT_A      ; NEW_DATA_NO_NBE_READ ; Untyped                 ;
; READ_DURING_WRITE_MODE_PORT_B      ; NEW_DATA_NO_NBE_READ ; Untyped                 ;
; INIT_FILE                          ; map320.mif           ; Untyped                 ;
; INIT_FILE_LAYOUT                   ; PORT_A               ; Untyped                 ;
; MAXIMUM_DEPTH                      ; 0                    ; Untyped                 ;
; CLOCK_ENABLE_INPUT_A               ; BYPASS               ; Untyped                 ;
; CLOCK_ENABLE_INPUT_B               ; BYPASS               ; Untyped                 ;
; CLOCK_ENABLE_OUTPUT_A              ; NORMAL               ; Untyped                 ;
; CLOCK_ENABLE_OUTPUT_B              ; BYPASS               ; Untyped                 ;
; CLOCK_ENABLE_CORE_A                ; USE_INPUT_CLKEN      ; Untyped                 ;
; CLOCK_ENABLE_CORE_B                ; USE_INPUT_CLKEN      ; Untyped                 ;
; ENABLE_ECC                         ; FALSE                ; Untyped                 ;
; ECC_PIPELINE_STAGE_ENABLED         ; FALSE                ; Untyped                 ;
; WIDTH_ECCSTATUS                    ; 3                    ; Untyped                 ;
; DEVICE_FAMILY                      ; Cyclone V            ; Untyped                 ;
; CBXI_PARAMETER                     ; altsyncram_26m1      ; Untyped                 ;
+------------------------------------+----------------------+-------------------------+
Note: In order to hide this table in the UI and the text report file, please set the "Show Parameter Settings in Synthesis Report" option in "Analysis and Synthesis Settings -> More Settings" to "Off".


+----------------------------------------------------------------------------------------------------+
; Parameter Settings for User Entity Instance: vga_adapter:VGA|vga_pll:mypll|altpll:altpll_component ;
+-------------------------------+-------------------+------------------------------------------------+
; Parameter Name                ; Value             ; Type                                           ;
+-------------------------------+-------------------+------------------------------------------------+
; OPERATION_MODE                ; NORMAL            ; Untyped                                        ;
; PLL_TYPE                      ; FAST              ; Untyped                                        ;
; LPM_HINT                      ; UNUSED            ; Untyped                                        ;
; QUALIFY_CONF_DONE             ; OFF               ; Untyped                                        ;
; COMPENSATE_CLOCK              ; CLK0              ; Untyped                                        ;
; SCAN_CHAIN                    ; LONG              ; Untyped                                        ;
; PRIMARY_CLOCK                 ; INCLK0            ; Untyped                                        ;
; INCLK0_INPUT_FREQUENCY        ; 20000             ; Signed Integer                                 ;
; INCLK1_INPUT_FREQUENCY        ; 0                 ; Untyped                                        ;
; GATE_LOCK_SIGNAL              ; NO                ; Untyped                                        ;
; GATE_LOCK_COUNTER             ; 0                 ; Untyped                                        ;
; LOCK_HIGH                     ; 1                 ; Untyped                                        ;
; LOCK_LOW                      ; 1                 ; Untyped                                        ;
; VALID_LOCK_MULTIPLIER         ; 1                 ; Untyped                                        ;
; INVALID_LOCK_MULTIPLIER       ; 5                 ; Untyped                                        ;
; SWITCH_OVER_ON_LOSSCLK        ; OFF               ; Untyped                                        ;
; SWITCH_OVER_ON_GATED_LOCK     ; OFF               ; Untyped                                        ;
; ENABLE_SWITCH_OVER_COUNTER    ; OFF               ; Untyped                                        ;
; SKIP_VCO                      ; OFF               ; Untyped                                        ;
; SWITCH_OVER_COUNTER           ; 0                 ; Untyped                                        ;
; SWITCH_OVER_TYPE              ; AUTO              ; Untyped                                        ;
; FEEDBACK_SOURCE               ; EXTCLK0           ; Untyped                                        ;
; BANDWIDTH                     ; 0                 ; Untyped                                        ;
; BANDWIDTH_TYPE                ; AUTO              ; Untyped                                        ;
; SPREAD_FREQUENCY              ; 0                 ; Untyped                                        ;
; DOWN_SPREAD                   ; 0                 ; Untyped                                        ;
; SELF_RESET_ON_GATED_LOSS_LOCK ; OFF               ; Untyped                                        ;
; SELF_RESET_ON_LOSS_LOCK       ; OFF               ; Untyped                                        ;
; CLK9_MULTIPLY_BY              ; 0                 ; Untyped                                        ;
; CLK8_MULTIPLY_BY              ; 0                 ; Untyped                                        ;
; CLK7_MULTIPLY_BY              ; 0                 ; Untyped                                        ;
; CLK6_MULTIPLY_BY              ; 0                 ; Untyped                                        ;
; CLK5_MULTIPLY_BY              ; 1                 ; Untyped                                        ;
; CLK4_MULTIPLY_BY              ; 1                 ; Untyped                                        ;
; CLK3_MULTIPLY_BY              ; 1                 ; Untyped                                        ;
; CLK2_MULTIPLY_BY              ; 1                 ; Untyped                                        ;
; CLK1_MULTIPLY_BY              ; 1                 ; Untyped                                        ;
; CLK0_MULTIPLY_BY              ; 1                 ; Signed Integer                                 ;
; CLK9_DIVIDE_BY                ; 0                 ; Untyped                                        ;
; CLK8_DIVIDE_BY                ; 0                 ; Untyped                                        ;
; CLK7_DIVIDE_BY                ; 0                 ; Untyped                                        ;
; CLK6_DIVIDE_BY                ; 0                 ; Untyped                                        ;
; CLK5_DIVIDE_BY                ; 1                 ; Untyped                                        ;
; CLK4_DIVIDE_BY                ; 1                 ; Untyped                                        ;
; CLK3_DIVIDE_BY                ; 1                 ; Untyped                                        ;
; CLK2_DIVIDE_BY                ; 1                 ; Untyped                                        ;
; CLK1_DIVIDE_BY                ; 1                 ; Untyped                                        ;
; CLK0_DIVIDE_BY                ; 2                 ; Signed Integer                                 ;
; CLK9_PHASE_SHIFT              ; 0                 ; Untyped                                        ;
; CLK8_PHASE_SHIFT              ; 0                 ; Untyped                                        ;
; CLK7_PHASE_SHIFT              ; 0                 ; Untyped                                        ;
; CLK6_PHASE_SHIFT              ; 0                 ; Untyped                                        ;
; CLK5_PHASE_SHIFT              ; 0                 ; Untyped                                        ;
; CLK4_PHASE_SHIFT              ; 0                 ; Untyped                                        ;
; CLK3_PHASE_SHIFT              ; 0                 ; Untyped                                        ;
; CLK2_PHASE_SHIFT              ; 0                 ; Untyped                                        ;
; CLK1_PHASE_SHIFT              ; 0                 ; Untyped                                        ;
; CLK0_PHASE_SHIFT              ; 0                 ; Untyped                                        ;
; CLK5_TIME_DELAY               ; 0                 ; Untyped                                        ;
; CLK4_TIME_DELAY               ; 0                 ; Untyped                                        ;
; CLK3_TIME_DELAY               ; 0                 ; Untyped                                        ;
; CLK2_TIME_DELAY               ; 0                 ; Untyped                                        ;
; CLK1_TIME_DELAY               ; 0                 ; Untyped                                        ;
; CLK0_TIME_DELAY               ; 0                 ; Untyped                                        ;
; CLK9_DUTY_CYCLE               ; 50                ; Untyped                                        ;
; CLK8_DUTY_CYCLE               ; 50                ; Untyped                                        ;
; CLK7_DUTY_CYCLE               ; 50                ; Untyped                                        ;
; CLK6_DUTY_CYCLE               ; 50                ; Untyped                                        ;
; CLK5_DUTY_CYCLE               ; 50                ; Untyped                                        ;
; CLK4_DUTY_CYCLE               ; 50                ; Untyped                                        ;
; CLK3_DUTY_CYCLE               ; 50                ; Untyped                                        ;
; CLK2_DUTY_CYCLE               ; 50                ; Untyped                                        ;
; CLK1_DUTY_CYCLE               ; 50                ; Untyped                                        ;
; CLK0_DUTY_CYCLE               ; 50                ; Signed Integer                                 ;
; CLK9_USE_EVEN_COUNTER_MODE    ; OFF               ; Untyped                                        ;
; CLK8_USE_EVEN_COUNTER_MODE    ; OFF               ; Untyped                                        ;
; CLK7_USE_EVEN_COUNTER_MODE    ; OFF               ; Untyped                                        ;
; CLK6_USE_EVEN_COUNTER_MODE    ; OFF               ; Untyped                                        ;
; CLK5_USE_EVEN_COUNTER_MODE    ; OFF               ; Untyped                                        ;
; CLK4_USE_EVEN_COUNTER_MODE    ; OFF               ; Untyped                                        ;
; CLK3_USE_EVEN_COUNTER_MODE    ; OFF               ; Untyped                                        ;
; CLK2_USE_EVEN_COUNTER_MODE    ; OFF               ; Untyped                                        ;
; CLK1_USE_EVEN_COUNTER_MODE    ; OFF               ; Untyped                                        ;
; CLK0_USE_EVEN_COUNTER_MODE    ; OFF               ; Untyped                                        ;
; CLK9_USE_EVEN_COUNTER_VALUE   ; OFF               ; Untyped                                        ;
; CLK8_USE_EVEN_COUNTER_VALUE   ; OFF               ; Untyped                                        ;
; CLK7_USE_EVEN_COUNTER_VALUE   ; OFF               ; Untyped                                        ;
; CLK6_USE_EVEN_COUNTER_VALUE   ; OFF               ; Untyped                                        ;
; CLK5_USE_EVEN_COUNTER_VALUE   ; OFF               ; Untyped                                        ;
; CLK4_USE_EVEN_COUNTER_VALUE   ; OFF               ; Untyped                                        ;
; CLK3_USE_EVEN_COUNTER_VALUE   ; OFF               ; Untyped                                        ;
; CLK2_USE_EVEN_COUNTER_VALUE   ; OFF               ; Untyped                                        ;
; CLK1_USE_EVEN_COUNTER_VALUE   ; OFF               ; Untyped                                        ;
; CLK0_USE_EVEN_COUNTER_VALUE   ; OFF               ; Untyped                                        ;
; LOCK_WINDOW_UI                ;  0.05             ; Untyped                                        ;
; LOCK_WINDOW_UI_BITS           ; UNUSED            ; Untyped                                        ;
; VCO_RANGE_DETECTOR_LOW_BITS   ; UNUSED            ; Untyped                                        ;
; VCO_RANGE_DETECTOR_HIGH_BITS  ; UNUSED            ; Untyped                                        ;
; DPA_MULTIPLY_BY               ; 0                 ; Untyped                                        ;
; DPA_DIVIDE_BY                 ; 1                 ; Untyped                                        ;
; DPA_DIVIDER                   ; 0                 ; Untyped                                        ;
; EXTCLK3_MULTIPLY_BY           ; 1                 ; Untyped                                        ;
; EXTCLK2_MULTIPLY_BY           ; 1                 ; Untyped                                        ;
; EXTCLK1_MULTIPLY_BY           ; 1                 ; Untyped                                        ;
; EXTCLK0_MULTIPLY_BY           ; 1                 ; Untyped                                        ;
; EXTCLK3_DIVIDE_BY             ; 1                 ; Untyped                                        ;
; EXTCLK2_DIVIDE_BY             ; 1                 ; Untyped                                        ;
; EXTCLK1_DIVIDE_BY             ; 1                 ; Untyped                                        ;
; EXTCLK0_DIVIDE_BY             ; 1                 ; Untyped                                        ;
; EXTCLK3_PHASE_SHIFT           ; 0                 ; Untyped                                        ;
; EXTCLK2_PHASE_SHIFT           ; 0                 ; Untyped                                        ;
; EXTCLK1_PHASE_SHIFT           ; 0                 ; Untyped                                        ;
; EXTCLK0_PHASE_SHIFT           ; 0                 ; Untyped                                        ;
; EXTCLK3_TIME_DELAY            ; 0                 ; Untyped                                        ;
; EXTCLK2_TIME_DELAY            ; 0                 ; Untyped                                        ;
; EXTCLK1_TIME_DELAY            ; 0                 ; Untyped                                        ;
; EXTCLK0_TIME_DELAY            ; 0                 ; Untyped                                        ;
; EXTCLK3_DUTY_CYCLE            ; 50                ; Untyped                                        ;
; EXTCLK2_DUTY_CYCLE            ; 50                ; Untyped                                        ;
; EXTCLK1_DUTY_CYCLE            ; 50                ; Untyped                                        ;
; EXTCLK0_DUTY_CYCLE            ; 50                ; Untyped                                        ;
; VCO_MULTIPLY_BY               ; 0                 ; Untyped                                        ;
; VCO_DIVIDE_BY                 ; 0                 ; Untyped                                        ;
; SCLKOUT0_PHASE_SHIFT          ; 0                 ; Untyped                                        ;
; SCLKOUT1_PHASE_SHIFT          ; 0                 ; Untyped                                        ;
; VCO_MIN                       ; 0                 ; Untyped                                        ;
; VCO_MAX                       ; 0                 ; Untyped                                        ;
; VCO_CENTER                    ; 0                 ; Untyped                                        ;
; PFD_MIN                       ; 0                 ; Untyped                                        ;
; PFD_MAX                       ; 0                 ; Untyped                                        ;
; M_INITIAL                     ; 0                 ; Untyped                                        ;
; M                             ; 0                 ; Untyped                                        ;
; N                             ; 1                 ; Untyped                                        ;
; M2                            ; 1                 ; Untyped                                        ;
; N2                            ; 1                 ; Untyped                                        ;
; SS                            ; 1                 ; Untyped                                        ;
; C0_HIGH                       ; 0                 ; Untyped                                        ;
; C1_HIGH                       ; 0                 ; Untyped                                        ;
; C2_HIGH                       ; 0                 ; Untyped                                        ;
; C3_HIGH                       ; 0                 ; Untyped                                        ;
; C4_HIGH                       ; 0                 ; Untyped                                        ;
; C5_HIGH                       ; 0                 ; Untyped                                        ;
; C6_HIGH                       ; 0                 ; Untyped                                        ;
; C7_HIGH                       ; 0                 ; Untyped                                        ;
; C8_HIGH                       ; 0                 ; Untyped                                        ;
; C9_HIGH                       ; 0                 ; Untyped                                        ;
; C0_LOW                        ; 0                 ; Untyped                                        ;
; C1_LOW                        ; 0                 ; Untyped                                        ;
; C2_LOW                        ; 0                 ; Untyped                                        ;
; C3_LOW                        ; 0                 ; Untyped                                        ;
; C4_LOW                        ; 0                 ; Untyped                                        ;
; C5_LOW                        ; 0                 ; Untyped                                        ;
; C6_LOW                        ; 0                 ; Untyped                                        ;
; C7_LOW                        ; 0                 ; Untyped                                        ;
; C8_LOW                        ; 0                 ; Untyped                                        ;
; C9_LOW                        ; 0                 ; Untyped                                        ;
; C0_INITIAL                    ; 0                 ; Untyped                                        ;
; C1_INITIAL                    ; 0                 ; Untyped                                        ;
; C2_INITIAL                    ; 0                 ; Untyped                                        ;
; C3_INITIAL                    ; 0                 ; Untyped                                        ;
; C4_INITIAL                    ; 0                 ; Untyped                                        ;
; C5_INITIAL                    ; 0                 ; Untyped                                        ;
; C6_INITIAL                    ; 0                 ; Untyped                                        ;
; C7_INITIAL                    ; 0                 ; Untyped                                        ;
; C8_INITIAL                    ; 0                 ; Untyped                                        ;
; C9_INITIAL                    ; 0                 ; Untyped                                        ;
; C0_MODE                       ; BYPASS            ; Untyped                                        ;
; C1_MODE                       ; BYPASS            ; Untyped                                        ;
; C2_MODE                       ; BYPASS            ; Untyped                                        ;
; C3_MODE                       ; BYPASS            ; Untyped                                        ;
; C4_MODE                       ; BYPASS            ; Untyped                                        ;
; C5_MODE                       ; BYPASS            ; Untyped                                        ;
; C6_MODE                       ; BYPASS            ; Untyped                                        ;
; C7_MODE                       ; BYPASS            ; Untyped                                        ;
; C8_MODE                       ; BYPASS            ; Untyped                                        ;
; C9_MODE                       ; BYPASS            ; Untyped                                        ;
; C0_PH                         ; 0                 ; Untyped                                        ;
; C1_PH                         ; 0                 ; Untyped                                        ;
; C2_PH                         ; 0                 ; Untyped                                        ;
; C3_PH                         ; 0                 ; Untyped                                        ;
; C4_PH                         ; 0                 ; Untyped                                        ;
; C5_PH                         ; 0                 ; Untyped                                        ;
; C6_PH                         ; 0                 ; Untyped                                        ;
; C7_PH                         ; 0                 ; Untyped                                        ;
; C8_PH                         ; 0                 ; Untyped                                        ;
; C9_PH                         ; 0                 ; Untyped                                        ;
; L0_HIGH                       ; 1                 ; Untyped                                        ;
; L1_HIGH                       ; 1                 ; Untyped                                        ;
; G0_HIGH                       ; 1                 ; Untyped                                        ;
; G1_HIGH                       ; 1                 ; Untyped                                        ;
; G2_HIGH                       ; 1                 ; Untyped                                        ;
; G3_HIGH                       ; 1                 ; Untyped                                        ;
; E0_HIGH                       ; 1                 ; Untyped                                        ;
; E1_HIGH                       ; 1                 ; Untyped                                        ;
; E2_HIGH                       ; 1                 ; Untyped                                        ;
; E3_HIGH                       ; 1                 ; Untyped                                        ;
; L0_LOW                        ; 1                 ; Untyped                                        ;
; L1_LOW                        ; 1                 ; Untyped                                        ;
; G0_LOW                        ; 1                 ; Untyped                                        ;
; G1_LOW                        ; 1                 ; Untyped                                        ;
; G2_LOW                        ; 1                 ; Untyped                                        ;
; G3_LOW                        ; 1                 ; Untyped                                        ;
; E0_LOW                        ; 1                 ; Untyped                                        ;
; E1_LOW                        ; 1                 ; Untyped                                        ;
; E2_LOW                        ; 1                 ; Untyped                                        ;
; E3_LOW                        ; 1                 ; Untyped                                        ;
; L0_INITIAL                    ; 1                 ; Untyped                                        ;
; L1_INITIAL                    ; 1                 ; Untyped                                        ;
; G0_INITIAL                    ; 1                 ; Untyped                                        ;
; G1_INITIAL                    ; 1                 ; Untyped                                        ;
; G2_INITIAL                    ; 1                 ; Untyped                                        ;
; G3_INITIAL                    ; 1                 ; Untyped                                        ;
; E0_INITIAL                    ; 1                 ; Untyped                                        ;
; E1_INITIAL                    ; 1                 ; Untyped                                        ;
; E2_INITIAL                    ; 1                 ; Untyped                                        ;
; E3_INITIAL                    ; 1                 ; Untyped                                        ;
; L0_MODE                       ; BYPASS            ; Untyped                                        ;
; L1_MODE                       ; BYPASS            ; Untyped                                        ;
; G0_MODE                       ; BYPASS            ; Untyped                                        ;
; G1_MODE                       ; BYPASS            ; Untyped                                        ;
; G2_MODE                       ; BYPASS            ; Untyped                                        ;
; G3_MODE                       ; BYPASS            ; Untyped                                        ;
; E0_MODE                       ; BYPASS            ; Untyped                                        ;
; E1_MODE                       ; BYPASS            ; Untyped                                        ;
; E2_MODE                       ; BYPASS            ; Untyped                                        ;
; E3_MODE                       ; BYPASS            ; Untyped                                        ;
; L0_PH                         ; 0                 ; Untyped                                        ;
; L1_PH                         ; 0                 ; Untyped                                        ;
; G0_PH                         ; 0                 ; Untyped                                        ;
; G1_PH                         ; 0                 ; Untyped                                        ;
; G2_PH                         ; 0                 ; Untyped                                        ;
; G3_PH                         ; 0                 ; Untyped                                        ;
; E0_PH                         ; 0                 ; Untyped                                        ;
; E1_PH                         ; 0                 ; Untyped                                        ;
; E2_PH                         ; 0                 ; Untyped                                        ;
; E3_PH                         ; 0                 ; Untyped                                        ;
; M_PH                          ; 0                 ; Untyped                                        ;
; C1_USE_CASC_IN                ; OFF               ; Untyped                                        ;
; C2_USE_CASC_IN                ; OFF               ; Untyped                                        ;
; C3_USE_CASC_IN                ; OFF               ; Untyped                                        ;
; C4_USE_CASC_IN                ; OFF               ; Untyped                                        ;
; C5_USE_CASC_IN                ; OFF               ; Untyped                                        ;
; C6_USE_CASC_IN                ; OFF               ; Untyped                                        ;
; C7_USE_CASC_IN                ; OFF               ; Untyped                                        ;
; C8_USE_CASC_IN                ; OFF               ; Untyped                                        ;
; C9_USE_CASC_IN                ; OFF               ; Untyped                                        ;
; CLK0_COUNTER                  ; G0                ; Untyped                                        ;
; CLK1_COUNTER                  ; G0                ; Untyped                                        ;
; CLK2_COUNTER                  ; G0                ; Untyped                                        ;
; CLK3_COUNTER                  ; G0                ; Untyped                                        ;
; CLK4_COUNTER                  ; G0                ; Untyped                                        ;
; CLK5_COUNTER                  ; G0                ; Untyped                                        ;
; CLK6_COUNTER                  ; E0                ; Untyped                                        ;
; CLK7_COUNTER                  ; E1                ; Untyped                                        ;
; CLK8_COUNTER                  ; E2                ; Untyped                                        ;
; CLK9_COUNTER                  ; E3                ; Untyped                                        ;
; L0_TIME_DELAY                 ; 0                 ; Untyped                                        ;
; L1_TIME_DELAY                 ; 0                 ; Untyped                                        ;
; G0_TIME_DELAY                 ; 0                 ; Untyped                                        ;
; G1_TIME_DELAY                 ; 0                 ; Untyped                                        ;
; G2_TIME_DELAY                 ; 0                 ; Untyped                                        ;
; G3_TIME_DELAY                 ; 0                 ; Untyped                                        ;
; E0_TIME_DELAY                 ; 0                 ; Untyped                                        ;
; E1_TIME_DELAY                 ; 0                 ; Untyped                                        ;
; E2_TIME_DELAY                 ; 0                 ; Untyped                                        ;
; E3_TIME_DELAY                 ; 0                 ; Untyped                                        ;
; M_TIME_DELAY                  ; 0                 ; Untyped                                        ;
; N_TIME_DELAY                  ; 0                 ; Untyped                                        ;
; EXTCLK3_COUNTER               ; E3                ; Untyped                                        ;
; EXTCLK2_COUNTER               ; E2                ; Untyped                                        ;
; EXTCLK1_COUNTER               ; E1                ; Untyped                                        ;
; EXTCLK0_COUNTER               ; E0                ; Untyped                                        ;
; ENABLE0_COUNTER               ; L0                ; Untyped                                        ;
; ENABLE1_COUNTER               ; L0                ; Untyped                                        ;
; CHARGE_PUMP_CURRENT           ; 2                 ; Untyped                                        ;
; LOOP_FILTER_R                 ;  1.000000         ; Untyped                                        ;
; LOOP_FILTER_C                 ; 5                 ; Untyped                                        ;
; CHARGE_PUMP_CURRENT_BITS      ; 9999              ; Untyped                                        ;
; LOOP_FILTER_R_BITS            ; 9999              ; Untyped                                        ;
; LOOP_FILTER_C_BITS            ; 9999              ; Untyped                                        ;
; VCO_POST_SCALE                ; 0                 ; Untyped                                        ;
; CLK2_OUTPUT_FREQUENCY         ; 0                 ; Untyped                                        ;
; CLK1_OUTPUT_FREQUENCY         ; 0                 ; Untyped                                        ;
; CLK0_OUTPUT_FREQUENCY         ; 0                 ; Untyped                                        ;
; INTENDED_DEVICE_FAMILY        ; Cyclone II        ; Untyped                                        ;
; PORT_CLKENA0                  ; PORT_CONNECTIVITY ; Untyped                                        ;
; PORT_CLKENA1                  ; PORT_CONNECTIVITY ; Untyped                                        ;
; PORT_CLKENA2                  ; PORT_CONNECTIVITY ; Untyped                                        ;
; PORT_CLKENA3                  ; PORT_CONNECTIVITY ; Untyped                                        ;
; PORT_CLKENA4                  ; PORT_CONNECTIVITY ; Untyped                                        ;
; PORT_CLKENA5                  ; PORT_CONNECTIVITY ; Untyped                                        ;
; PORT_EXTCLKENA0               ; PORT_CONNECTIVITY ; Untyped                                        ;
; PORT_EXTCLKENA1               ; PORT_CONNECTIVITY ; Untyped                                        ;
; PORT_EXTCLKENA2               ; PORT_CONNECTIVITY ; Untyped                                        ;
; PORT_EXTCLKENA3               ; PORT_CONNECTIVITY ; Untyped                                        ;
; PORT_EXTCLK0                  ; PORT_CONNECTIVITY ; Untyped                                        ;
; PORT_EXTCLK1                  ; PORT_CONNECTIVITY ; Untyped                                        ;
; PORT_EXTCLK2                  ; PORT_CONNECTIVITY ; Untyped                                        ;
; PORT_EXTCLK3                  ; PORT_CONNECTIVITY ; Untyped                                        ;
; PORT_CLKBAD0                  ; PORT_CONNECTIVITY ; Untyped                                        ;
; PORT_CLKBAD1                  ; PORT_CONNECTIVITY ; Untyped                                        ;
; PORT_CLK0                     ; PORT_CONNECTIVITY ; Untyped                                        ;
; PORT_CLK1                     ; PORT_CONNECTIVITY ; Untyped                                        ;
; PORT_CLK2                     ; PORT_CONNECTIVITY ; Untyped                                        ;
; PORT_CLK3                     ; PORT_CONNECTIVITY ; Untyped                                        ;
; PORT_CLK4                     ; PORT_CONNECTIVITY ; Untyped                                        ;
; PORT_CLK5                     ; PORT_CONNECTIVITY ; Untyped                                        ;
; PORT_CLK6                     ; PORT_UNUSED       ; Untyped                                        ;
; PORT_CLK7                     ; PORT_UNUSED       ; Untyped                                        ;
; PORT_CLK8                     ; PORT_UNUSED       ; Untyped                                        ;
; PORT_CLK9                     ; PORT_UNUSED       ; Untyped                                        ;
; PORT_SCANDATA                 ; PORT_CONNECTIVITY ; Untyped                                        ;
; PORT_SCANDATAOUT              ; PORT_CONNECTIVITY ; Untyped                                        ;
; PORT_SCANDONE                 ; PORT_CONNECTIVITY ; Untyped                                        ;
; PORT_SCLKOUT1                 ; PORT_CONNECTIVITY ; Untyped                                        ;
; PORT_SCLKOUT0                 ; PORT_CONNECTIVITY ; Untyped                                        ;
; PORT_ACTIVECLOCK              ; PORT_CONNECTIVITY ; Untyped                                        ;
; PORT_CLKLOSS                  ; PORT_CONNECTIVITY ; Untyped                                        ;
; PORT_INCLK1                   ; PORT_CONNECTIVITY ; Untyped                                        ;
; PORT_INCLK0                   ; PORT_CONNECTIVITY ; Untyped                                        ;
; PORT_FBIN                     ; PORT_CONNECTIVITY ; Untyped                                        ;
; PORT_PLLENA                   ; PORT_CONNECTIVITY ; Untyped                                        ;
; PORT_CLKSWITCH                ; PORT_CONNECTIVITY ; Untyped                                        ;
; PORT_ARESET                   ; PORT_CONNECTIVITY ; Untyped                                        ;
; PORT_PFDENA                   ; PORT_CONNECTIVITY ; Untyped                                        ;
; PORT_SCANCLK                  ; PORT_CONNECTIVITY ; Untyped                                        ;
; PORT_SCANACLR                 ; PORT_CONNECTIVITY ; Untyped                                        ;
; PORT_SCANREAD                 ; PORT_CONNECTIVITY ; Untyped                                        ;
; PORT_SCANWRITE                ; PORT_CONNECTIVITY ; Untyped                                        ;
; PORT_ENABLE0                  ; PORT_CONNECTIVITY ; Untyped                                        ;
; PORT_ENABLE1                  ; PORT_CONNECTIVITY ; Untyped                                        ;
; PORT_LOCKED                   ; PORT_CONNECTIVITY ; Untyped                                        ;
; PORT_CONFIGUPDATE             ; PORT_CONNECTIVITY ; Untyped                                        ;
; PORT_FBOUT                    ; PORT_CONNECTIVITY ; Untyped                                        ;
; PORT_PHASEDONE                ; PORT_CONNECTIVITY ; Untyped                                        ;
; PORT_PHASESTEP                ; PORT_CONNECTIVITY ; Untyped                                        ;
; PORT_PHASEUPDOWN              ; PORT_CONNECTIVITY ; Untyped                                        ;
; PORT_SCANCLKENA               ; PORT_CONNECTIVITY ; Untyped                                        ;
; PORT_PHASECOUNTERSELECT       ; PORT_CONNECTIVITY ; Untyped                                        ;
; PORT_VCOOVERRANGE             ; PORT_CONNECTIVITY ; Untyped                                        ;
; PORT_VCOUNDERRANGE            ; PORT_CONNECTIVITY ; Untyped                                        ;
; M_TEST_SOURCE                 ; 5                 ; Untyped                                        ;
; C0_TEST_SOURCE                ; 5                 ; Untyped                                        ;
; C1_TEST_SOURCE                ; 5                 ; Untyped                                        ;
; C2_TEST_SOURCE                ; 5                 ; Untyped                                        ;
; C3_TEST_SOURCE                ; 5                 ; Untyped                                        ;
; C4_TEST_SOURCE                ; 5                 ; Untyped                                        ;
; C5_TEST_SOURCE                ; 5                 ; Untyped                                        ;
; C6_TEST_SOURCE                ; 5                 ; Untyped                                        ;
; C7_TEST_SOURCE                ; 5                 ; Untyped                                        ;
; C8_TEST_SOURCE                ; 5                 ; Untyped                                        ;
; C9_TEST_SOURCE                ; 5                 ; Untyped                                        ;
; CBXI_PARAMETER                ; altpll_80u        ; Untyped                                        ;
; VCO_FREQUENCY_CONTROL         ; AUTO              ; Untyped                                        ;
; VCO_PHASE_SHIFT_STEP          ; 0                 ; Untyped                                        ;
; WIDTH_CLOCK                   ; 6                 ; Untyped                                        ;
; WIDTH_PHASECOUNTERSELECT      ; 4                 ; Untyped                                        ;
; USING_FBMIMICBIDIR_PORT       ; OFF               ; Untyped                                        ;
; DEVICE_FAMILY                 ; Cyclone V         ; Untyped                                        ;
; SCAN_CHAIN_MIF_FILE           ; UNUSED            ; Untyped                                        ;
; SIM_GATE_LOCK_DEVICE_BEHAVIOR ; OFF               ; Untyped                                        ;
; AUTO_CARRY_CHAINS             ; ON                ; AUTO_CARRY                                     ;
; IGNORE_CARRY_BUFFERS          ; OFF               ; IGNORE_CARRY                                   ;
; AUTO_CASCADE_CHAINS           ; ON                ; AUTO_CASCADE                                   ;
; IGNORE_CASCADE_BUFFERS        ; OFF               ; IGNORE_CASCADE                                 ;
+-------------------------------+-------------------+------------------------------------------------+
Note: In order to hide this table in the UI and the text report file, please set the "Show Parameter Settings in Synthesis Report" option in "Analysis and Synthesis Settings -> More Settings" to "Off".


+----------------------------------------------------------------------------------------+
; Parameter Settings for User Entity Instance: vga_adapter:VGA|vga_controller:controller ;
+-------------------------+-------------+------------------------------------------------+
; Parameter Name          ; Value       ; Type                                           ;
+-------------------------+-------------+------------------------------------------------+
; BITS_PER_COLOUR_CHANNEL ; 1           ; Signed Integer                                 ;
; MONOCHROME              ; FALSE       ; String                                         ;
; RESOLUTION              ; 320x240     ; String                                         ;
; C_VERT_NUM_PIXELS       ; 00111100000 ; Unsigned Binary                                ;
; C_VERT_SYNC_START       ; 00111101101 ; Unsigned Binary                                ;
; C_VERT_SYNC_END         ; 00111101110 ; Unsigned Binary                                ;
; C_VERT_TOTAL_COUNT      ; 01000001101 ; Unsigned Binary                                ;
; C_HORZ_NUM_PIXELS       ; 01010000000 ; Unsigned Binary                                ;
; C_HORZ_SYNC_START       ; 01010010011 ; Unsigned Binary                                ;
; C_HORZ_SYNC_END         ; 01011110010 ; Unsigned Binary                                ;
; C_HORZ_TOTAL_COUNT      ; 01100100000 ; Unsigned Binary                                ;
+-------------------------+-------------+------------------------------------------------+
Note: In order to hide this table in the UI and the text report file, please set the "Show Parameter Settings in Synthesis Report" option in "Analysis and Synthesis Settings -> More Settings" to "Off".


+-------------------------------------------------------------------------------------------------------------------------------------+
; Parameter Settings for User Entity Instance: vga_adapter:VGA|vga_controller:controller|vga_address_translator:controller_translator ;
+----------------+---------+----------------------------------------------------------------------------------------------------------+
; Parameter Name ; Value   ; Type                                                                                                     ;
+----------------+---------+----------------------------------------------------------------------------------------------------------+
; RESOLUTION     ; 320x240 ; String                                                                                                   ;
+----------------+---------+----------------------------------------------------------------------------------------------------------+
Note: In order to hide this table in the UI and the text report file, please set the "Show Parameter Settings in Synthesis Report" option in "Analysis and Synthesis Settings -> More Settings" to "Off".


+--------------------------------------------------------------------------------------------------------------------------------------------------+
; altsyncram Parameter Settings by Entity Instance                                                                                                 ;
+-------------------------------------------+------------------------------------------------------------------------------------------------------+
; Name                                      ; Value                                                                                                ;
+-------------------------------------------+------------------------------------------------------------------------------------------------------+
; Number of entity instances                ; 8                                                                                                    ;
; Entity Instance                           ; touching_magentatop:touchtop|background_mem:bg_mem|altsyncram:altsyncram_component                   ;
;     -- OPERATION_MODE                     ; ROM                                                                                                  ;
;     -- WIDTH_A                            ; 3                                                                                                    ;
;     -- NUMWORDS_A                         ; 76800                                                                                                ;
;     -- OUTDATA_REG_A                      ; UNREGISTERED                                                                                         ;
;     -- WIDTH_B                            ; 1                                                                                                    ;
;     -- NUMWORDS_B                         ; 1                                                                                                    ;
;     -- ADDRESS_REG_B                      ; CLOCK1                                                                                               ;
;     -- OUTDATA_REG_B                      ; UNREGISTERED                                                                                         ;
;     -- RAM_BLOCK_TYPE                     ; AUTO                                                                                                 ;
;     -- READ_DURING_WRITE_MODE_MIXED_PORTS ; DONT_CARE                                                                                            ;
; Entity Instance                           ; touching_magenta:touch|background_mem:bg_mem|altsyncram:altsyncram_component                         ;
;     -- OPERATION_MODE                     ; ROM                                                                                                  ;
;     -- WIDTH_A                            ; 3                                                                                                    ;
;     -- NUMWORDS_A                         ; 76800                                                                                                ;
;     -- OUTDATA_REG_A                      ; UNREGISTERED                                                                                         ;
;     -- WIDTH_B                            ; 1                                                                                                    ;
;     -- NUMWORDS_B                         ; 1                                                                                                    ;
;     -- ADDRESS_REG_B                      ; CLOCK1                                                                                               ;
;     -- OUTDATA_REG_B                      ; UNREGISTERED                                                                                         ;
;     -- RAM_BLOCK_TYPE                     ; AUTO                                                                                                 ;
;     -- READ_DURING_WRITE_MODE_MIXED_PORTS ; DONT_CARE                                                                                            ;
; Entity Instance                           ; object_mem:mario_mem|altsyncram:altsyncram_component                                                 ;
;     -- OPERATION_MODE                     ; ROM                                                                                                  ;
;     -- WIDTH_A                            ; 3                                                                                                    ;
;     -- NUMWORDS_A                         ; 256                                                                                                  ;
;     -- OUTDATA_REG_A                      ; UNREGISTERED                                                                                         ;
;     -- WIDTH_B                            ; 1                                                                                                    ;
;     -- NUMWORDS_B                         ; 1                                                                                                    ;
;     -- ADDRESS_REG_B                      ; CLOCK1                                                                                               ;
;     -- OUTDATA_REG_B                      ; UNREGISTERED                                                                                         ;
;     -- RAM_BLOCK_TYPE                     ; AUTO                                                                                                 ;
;     -- READ_DURING_WRITE_MODE_MIXED_PORTS ; DONT_CARE                                                                                            ;
; Entity Instance                           ; touching_cyan:cyan_check|background_mem:bg_mem|altsyncram:altsyncram_component                       ;
;     -- OPERATION_MODE                     ; ROM                                                                                                  ;
;     -- WIDTH_A                            ; 3                                                                                                    ;
;     -- NUMWORDS_A                         ; 76800                                                                                                ;
;     -- OUTDATA_REG_A                      ; UNREGISTERED                                                                                         ;
;     -- WIDTH_B                            ; 1                                                                                                    ;
;     -- NUMWORDS_B                         ; 1                                                                                                    ;
;     -- ADDRESS_REG_B                      ; CLOCK1                                                                                               ;
;     -- OUTDATA_REG_B                      ; UNREGISTERED                                                                                         ;
;     -- RAM_BLOCK_TYPE                     ; AUTO                                                                                                 ;
;     -- READ_DURING_WRITE_MODE_MIXED_PORTS ; DONT_CARE                                                                                            ;
; Entity Instance                           ; touching_left_bottom_magenta:check_stairleft|background_mem:bg_mem|altsyncram:altsyncram_component   ;
;     -- OPERATION_MODE                     ; ROM                                                                                                  ;
;     -- WIDTH_A                            ; 3                                                                                                    ;
;     -- NUMWORDS_A                         ; 76800                                                                                                ;
;     -- OUTDATA_REG_A                      ; UNREGISTERED                                                                                         ;
;     -- WIDTH_B                            ; 1                                                                                                    ;
;     -- NUMWORDS_B                         ; 1                                                                                                    ;
;     -- ADDRESS_REG_B                      ; CLOCK1                                                                                               ;
;     -- OUTDATA_REG_B                      ; UNREGISTERED                                                                                         ;
;     -- RAM_BLOCK_TYPE                     ; AUTO                                                                                                 ;
;     -- READ_DURING_WRITE_MODE_MIXED_PORTS ; DONT_CARE                                                                                            ;
; Entity Instance                           ; touching_right_bottom_magenta:check_stairright|background_mem:bg_mem|altsyncram:altsyncram_component ;
;     -- OPERATION_MODE                     ; ROM                                                                                                  ;
;     -- WIDTH_A                            ; 3                                                                                                    ;
;     -- NUMWORDS_A                         ; 76800                                                                                                ;
;     -- OUTDATA_REG_A                      ; UNREGISTERED                                                                                         ;
;     -- WIDTH_B                            ; 1                                                                                                    ;
;     -- NUMWORDS_B                         ; 1                                                                                                    ;
;     -- ADDRESS_REG_B                      ; CLOCK1                                                                                               ;
;     -- OUTDATA_REG_B                      ; UNREGISTERED                                                                                         ;
;     -- RAM_BLOCK_TYPE                     ; AUTO                                                                                                 ;
;     -- READ_DURING_WRITE_MODE_MIXED_PORTS ; DONT_CARE                                                                                            ;
; Entity Instance                           ; background_mem:displayBG|altsyncram:altsyncram_component                                             ;
;     -- OPERATION_MODE                     ; ROM                                                                                                  ;
;     -- WIDTH_A                            ; 3                                                                                                    ;
;     -- NUMWORDS_A                         ; 76800                                                                                                ;
;     -- OUTDATA_REG_A                      ; UNREGISTERED                                                                                         ;
;     -- WIDTH_B                            ; 1                                                                                                    ;
;     -- NUMWORDS_B                         ; 1                                                                                                    ;
;     -- ADDRESS_REG_B                      ; CLOCK1                                                                                               ;
;     -- OUTDATA_REG_B                      ; UNREGISTERED                                                                                         ;
;     -- RAM_BLOCK_TYPE                     ; AUTO                                                                                                 ;
;     -- READ_DURING_WRITE_MODE_MIXED_PORTS ; DONT_CARE                                                                                            ;
; Entity Instance                           ; vga_adapter:VGA|altsyncram:VideoMemory                                                               ;
;     -- OPERATION_MODE                     ; DUAL_PORT                                                                                            ;
;     -- WIDTH_A                            ; 3                                                                                                    ;
;     -- NUMWORDS_A                         ; 76800                                                                                                ;
;     -- OUTDATA_REG_A                      ; UNREGISTERED                                                                                         ;
;     -- WIDTH_B                            ; 3                                                                                                    ;
;     -- NUMWORDS_B                         ; 76800                                                                                                ;
;     -- ADDRESS_REG_B                      ; CLOCK1                                                                                               ;
;     -- OUTDATA_REG_B                      ; CLOCK1                                                                                               ;
;     -- RAM_BLOCK_TYPE                     ; AUTO                                                                                                 ;
;     -- READ_DURING_WRITE_MODE_MIXED_PORTS ; DONT_CARE                                                                                            ;
+-------------------------------------------+------------------------------------------------------------------------------------------------------+


+---------------------------------------------------------------------------------------+
; altpll Parameter Settings by Entity Instance                                          ;
+-------------------------------+-------------------------------------------------------+
; Name                          ; Value                                                 ;
+-------------------------------+-------------------------------------------------------+
; Number of entity instances    ; 1                                                     ;
; Entity Instance               ; vga_adapter:VGA|vga_pll:mypll|altpll:altpll_component ;
;     -- OPERATION_MODE         ; NORMAL                                                ;
;     -- PLL_TYPE               ; FAST                                                  ;
;     -- PRIMARY_CLOCK          ; INCLK0                                                ;
;     -- INCLK0_INPUT_FREQUENCY ; 20000                                                 ;
;     -- INCLK1_INPUT_FREQUENCY ; 0                                                     ;
;     -- VCO_MULTIPLY_BY        ; 0                                                     ;
;     -- VCO_DIVIDE_BY          ; 0                                                     ;
+-------------------------------+-------------------------------------------------------+


+-----------------------------------------------------------------------------------------------------------------------------------------------------------------------------------------------------------------+
; Port Connectivity Checks: "background_mem:displayBG"                                                                                                                                                            ;
+---------+-------+----------+------------------------------------------------------------------------------------------------------------------------------------------------------------------------------------+
; Port    ; Type  ; Severity ; Details                                                                                                                                                                            ;
+---------+-------+----------+------------------------------------------------------------------------------------------------------------------------------------------------------------------------------------+
; address ; Input ; Warning  ; Input port expression (18 bits) is wider than the input port (17 bits) it drives.  The 1 most-significant bit(s) in the expression will be dangling if they have no other fanouts. ;
+---------+-------+----------+------------------------------------------------------------------------------------------------------------------------------------------------------------------------------------+


+-----------------------------------------------------------------------------------------------------------------------------------------------------------------------------------------------------------------+
; Port Connectivity Checks: "touching_right_bottom_magenta:check_stairright|background_mem:bg_mem"                                                                                                                ;
+---------+-------+----------+------------------------------------------------------------------------------------------------------------------------------------------------------------------------------------+
; Port    ; Type  ; Severity ; Details                                                                                                                                                                            ;
+---------+-------+----------+------------------------------------------------------------------------------------------------------------------------------------------------------------------------------------+
; address ; Input ; Warning  ; Input port expression (18 bits) is wider than the input port (17 bits) it drives.  The 1 most-significant bit(s) in the expression will be dangling if they have no other fanouts. ;
+---------+-------+----------+------------------------------------------------------------------------------------------------------------------------------------------------------------------------------------+


+-----------------------------------------------------------------------------------------------------------------------------------------------------------------------------------------------------------------------------+
; Port Connectivity Checks: "touching_right_bottom_magenta:check_stairright"                                                                                                                                                  ;
+---------------------+-------+----------+------------------------------------------------------------------------------------------------------------------------------------------------------------------------------------+
; Port                ; Type  ; Severity ; Details                                                                                                                                                                            ;
+---------------------+-------+----------+------------------------------------------------------------------------------------------------------------------------------------------------------------------------------------+
; SCREEN_WIDTH        ; Input ; Warning  ; Input port expression (32 bits) is wider than the input port (9 bits) it drives.  The 23 most-significant bit(s) in the expression will be dangling if they have no other fanouts. ;
; SCREEN_WIDTH[5..0]  ; Input ; Info     ; Stuck at GND                                                                                                                                                                       ;
; SCREEN_WIDTH[8]     ; Input ; Info     ; Stuck at VCC                                                                                                                                                                       ;
; SCREEN_WIDTH[7]     ; Input ; Info     ; Stuck at GND                                                                                                                                                                       ;
; SCREEN_WIDTH[6]     ; Input ; Info     ; Stuck at VCC                                                                                                                                                                       ;
; SCREEN_HEIGHT       ; Input ; Warning  ; Input port expression (32 bits) is wider than the input port (8 bits) it drives.  The 24 most-significant bit(s) in the expression will be dangling if they have no other fanouts. ;
; SCREEN_HEIGHT[7..4] ; Input ; Info     ; Stuck at VCC                                                                                                                                                                       ;
; SCREEN_HEIGHT[3..0] ; Input ; Info     ; Stuck at GND                                                                                                                                                                       ;
+---------------------+-------+----------+------------------------------------------------------------------------------------------------------------------------------------------------------------------------------------+


+-----------------------------------------------------------------------------------------------------------------------------------------------------------------------------------------------------------------+
; Port Connectivity Checks: "touching_left_bottom_magenta:check_stairleft|background_mem:bg_mem"                                                                                                                  ;
+---------+-------+----------+------------------------------------------------------------------------------------------------------------------------------------------------------------------------------------+
; Port    ; Type  ; Severity ; Details                                                                                                                                                                            ;
+---------+-------+----------+------------------------------------------------------------------------------------------------------------------------------------------------------------------------------------+
; address ; Input ; Warning  ; Input port expression (18 bits) is wider than the input port (17 bits) it drives.  The 1 most-significant bit(s) in the expression will be dangling if they have no other fanouts. ;
+---------+-------+----------+------------------------------------------------------------------------------------------------------------------------------------------------------------------------------------+


+-----------------------------------------------------------------------------------------------------------------------------------------------------------------------------------------------------------------------------+
; Port Connectivity Checks: "touching_left_bottom_magenta:check_stairleft"                                                                                                                                                    ;
+---------------------+-------+----------+------------------------------------------------------------------------------------------------------------------------------------------------------------------------------------+
; Port                ; Type  ; Severity ; Details                                                                                                                                                                            ;
+---------------------+-------+----------+------------------------------------------------------------------------------------------------------------------------------------------------------------------------------------+
; SCREEN_WIDTH        ; Input ; Warning  ; Input port expression (32 bits) is wider than the input port (9 bits) it drives.  The 23 most-significant bit(s) in the expression will be dangling if they have no other fanouts. ;
; SCREEN_WIDTH[5..0]  ; Input ; Info     ; Stuck at GND                                                                                                                                                                       ;
; SCREEN_WIDTH[8]     ; Input ; Info     ; Stuck at VCC                                                                                                                                                                       ;
; SCREEN_WIDTH[7]     ; Input ; Info     ; Stuck at GND                                                                                                                                                                       ;
; SCREEN_WIDTH[6]     ; Input ; Info     ; Stuck at VCC                                                                                                                                                                       ;
; SCREEN_HEIGHT       ; Input ; Warning  ; Input port expression (32 bits) is wider than the input port (8 bits) it drives.  The 24 most-significant bit(s) in the expression will be dangling if they have no other fanouts. ;
; SCREEN_HEIGHT[7..4] ; Input ; Info     ; Stuck at VCC                                                                                                                                                                       ;
; SCREEN_HEIGHT[3..0] ; Input ; Info     ; Stuck at GND                                                                                                                                                                       ;
+---------------------+-------+----------+------------------------------------------------------------------------------------------------------------------------------------------------------------------------------------+


+-----------------------------------------------------------------------------------------------------------------------------------------------------------------------------------------------------------------+
; Port Connectivity Checks: "touching_cyan:cyan_check|background_mem:bg_mem"                                                                                                                                      ;
+---------+-------+----------+------------------------------------------------------------------------------------------------------------------------------------------------------------------------------------+
; Port    ; Type  ; Severity ; Details                                                                                                                                                                            ;
+---------+-------+----------+------------------------------------------------------------------------------------------------------------------------------------------------------------------------------------+
; address ; Input ; Warning  ; Input port expression (18 bits) is wider than the input port (17 bits) it drives.  The 1 most-significant bit(s) in the expression will be dangling if they have no other fanouts. ;
+---------+-------+----------+------------------------------------------------------------------------------------------------------------------------------------------------------------------------------------+


+-----------------------------------------------------------------------------------------------------------------------------------------------------------------------------------------------------------------------------+
; Port Connectivity Checks: "touching_cyan:cyan_check"                                                                                                                                                                        ;
+---------------------+-------+----------+------------------------------------------------------------------------------------------------------------------------------------------------------------------------------------+
; Port                ; Type  ; Severity ; Details                                                                                                                                                                            ;
+---------------------+-------+----------+------------------------------------------------------------------------------------------------------------------------------------------------------------------------------------+
; SCREEN_WIDTH        ; Input ; Warning  ; Input port expression (32 bits) is wider than the input port (9 bits) it drives.  The 23 most-significant bit(s) in the expression will be dangling if they have no other fanouts. ;
; SCREEN_WIDTH[5..0]  ; Input ; Info     ; Stuck at GND                                                                                                                                                                       ;
; SCREEN_WIDTH[8]     ; Input ; Info     ; Stuck at VCC                                                                                                                                                                       ;
; SCREEN_WIDTH[7]     ; Input ; Info     ; Stuck at GND                                                                                                                                                                       ;
; SCREEN_WIDTH[6]     ; Input ; Info     ; Stuck at VCC                                                                                                                                                                       ;
; SCREEN_HEIGHT       ; Input ; Warning  ; Input port expression (32 bits) is wider than the input port (8 bits) it drives.  The 24 most-significant bit(s) in the expression will be dangling if they have no other fanouts. ;
; SCREEN_HEIGHT[7..4] ; Input ; Info     ; Stuck at VCC                                                                                                                                                                       ;
; SCREEN_HEIGHT[3..0] ; Input ; Info     ; Stuck at GND                                                                                                                                                                       ;
+---------------------+-------+----------+------------------------------------------------------------------------------------------------------------------------------------------------------------------------------------+


+-----------------------------------------------------------------------------------------------------------------------------------------------------------------------------------------------------------------+
; Port Connectivity Checks: "object_mem:mario_mem"                                                                                                                                                                ;
+---------+-------+----------+------------------------------------------------------------------------------------------------------------------------------------------------------------------------------------+
; Port    ; Type  ; Severity ; Details                                                                                                                                                                            ;
+---------+-------+----------+------------------------------------------------------------------------------------------------------------------------------------------------------------------------------------+
; address ; Input ; Warning  ; Input port expression (32 bits) is wider than the input port (8 bits) it drives.  The 24 most-significant bit(s) in the expression will be dangling if they have no other fanouts. ;
+---------+-------+----------+------------------------------------------------------------------------------------------------------------------------------------------------------------------------------------+


+-----------------------------------------------------------------------------------------------------------------------------------------------------------------------------------------------------------------+
; Port Connectivity Checks: "touching_magenta:touch|background_mem:bg_mem"                                                                                                                                        ;
+---------+-------+----------+------------------------------------------------------------------------------------------------------------------------------------------------------------------------------------+
; Port    ; Type  ; Severity ; Details                                                                                                                                                                            ;
+---------+-------+----------+------------------------------------------------------------------------------------------------------------------------------------------------------------------------------------+
; address ; Input ; Warning  ; Input port expression (18 bits) is wider than the input port (17 bits) it drives.  The 1 most-significant bit(s) in the expression will be dangling if they have no other fanouts. ;
+---------+-------+----------+------------------------------------------------------------------------------------------------------------------------------------------------------------------------------------+


+-----------------------------------------------------------------------------------------------------------------------------------------------------------------------------------------------------------------------------+
; Port Connectivity Checks: "touching_magenta:touch"                                                                                                                                                                          ;
+---------------------+-------+----------+------------------------------------------------------------------------------------------------------------------------------------------------------------------------------------+
; Port                ; Type  ; Severity ; Details                                                                                                                                                                            ;
+---------------------+-------+----------+------------------------------------------------------------------------------------------------------------------------------------------------------------------------------------+
; SCREEN_WIDTH        ; Input ; Warning  ; Input port expression (32 bits) is wider than the input port (9 bits) it drives.  The 23 most-significant bit(s) in the expression will be dangling if they have no other fanouts. ;
; SCREEN_WIDTH[5..0]  ; Input ; Info     ; Stuck at GND                                                                                                                                                                       ;
; SCREEN_WIDTH[8]     ; Input ; Info     ; Stuck at VCC                                                                                                                                                                       ;
; SCREEN_WIDTH[7]     ; Input ; Info     ; Stuck at GND                                                                                                                                                                       ;
; SCREEN_WIDTH[6]     ; Input ; Info     ; Stuck at VCC                                                                                                                                                                       ;
; SCREEN_HEIGHT       ; Input ; Warning  ; Input port expression (32 bits) is wider than the input port (8 bits) it drives.  The 24 most-significant bit(s) in the expression will be dangling if they have no other fanouts. ;
; SCREEN_HEIGHT[7..4] ; Input ; Info     ; Stuck at VCC                                                                                                                                                                       ;
; SCREEN_HEIGHT[3..0] ; Input ; Info     ; Stuck at GND                                                                                                                                                                       ;
+---------------------+-------+----------+------------------------------------------------------------------------------------------------------------------------------------------------------------------------------------+


+-----------------------------------------------------------------------------------------------------------------------------------------------------------------------------------------------------------------+
; Port Connectivity Checks: "touching_magentatop:touchtop|background_mem:bg_mem"                                                                                                                                  ;
+---------+-------+----------+------------------------------------------------------------------------------------------------------------------------------------------------------------------------------------+
; Port    ; Type  ; Severity ; Details                                                                                                                                                                            ;
+---------+-------+----------+------------------------------------------------------------------------------------------------------------------------------------------------------------------------------------+
; address ; Input ; Warning  ; Input port expression (18 bits) is wider than the input port (17 bits) it drives.  The 1 most-significant bit(s) in the expression will be dangling if they have no other fanouts. ;
+---------+-------+----------+------------------------------------------------------------------------------------------------------------------------------------------------------------------------------------+


+-----------------------------------------------------------------------------------------------------------------------------------------------------------------------------------------------------------------------------+
; Port Connectivity Checks: "touching_magentatop:touchtop"                                                                                                                                                                    ;
+---------------------+-------+----------+------------------------------------------------------------------------------------------------------------------------------------------------------------------------------------+
; Port                ; Type  ; Severity ; Details                                                                                                                                                                            ;
+---------------------+-------+----------+------------------------------------------------------------------------------------------------------------------------------------------------------------------------------------+
; SCREEN_WIDTH        ; Input ; Warning  ; Input port expression (32 bits) is wider than the input port (9 bits) it drives.  The 23 most-significant bit(s) in the expression will be dangling if they have no other fanouts. ;
; SCREEN_WIDTH[5..0]  ; Input ; Info     ; Stuck at GND                                                                                                                                                                       ;
; SCREEN_WIDTH[8]     ; Input ; Info     ; Stuck at VCC                                                                                                                                                                       ;
; SCREEN_WIDTH[7]     ; Input ; Info     ; Stuck at GND                                                                                                                                                                       ;
; SCREEN_WIDTH[6]     ; Input ; Info     ; Stuck at VCC                                                                                                                                                                       ;
; SCREEN_HEIGHT       ; Input ; Warning  ; Input port expression (32 bits) is wider than the input port (8 bits) it drives.  The 24 most-significant bit(s) in the expression will be dangling if they have no other fanouts. ;
; SCREEN_HEIGHT[7..4] ; Input ; Info     ; Stuck at VCC                                                                                                                                                                       ;
; SCREEN_HEIGHT[3..0] ; Input ; Info     ; Stuck at GND                                                                                                                                                                       ;
+---------------------+-------+----------+------------------------------------------------------------------------------------------------------------------------------------------------------------------------------------+


+--------------------------------------------------------------------------------------------------------------------------------------------------------------------------------------------------+
; Port Connectivity Checks: "PS2_Controller:P1"                                                                                                                                                    ;
+-------------------------------+--------+----------+----------------------------------------------------------------------------------------------------------------------------------------------+
; Port                          ; Type   ; Severity ; Details                                                                                                                                      ;
+-------------------------------+--------+----------+----------------------------------------------------------------------------------------------------------------------------------------------+
; the_command                   ; Input  ; Warning  ; Declared by entity but not connected by instance. If a default value exists, it will be used.  Otherwise, the port will be connected to GND. ;
; send_command                  ; Input  ; Warning  ; Declared by entity but not connected by instance. If a default value exists, it will be used.  Otherwise, the port will be connected to GND. ;
; command_was_sent              ; Output ; Warning  ; Declared by entity but not connected by instance. Logic that only feeds a dangling port will be removed.                                     ;
; error_communication_timed_out ; Output ; Warning  ; Declared by entity but not connected by instance. Logic that only feeds a dangling port will be removed.                                     ;
+-------------------------------+--------+----------+----------------------------------------------------------------------------------------------------------------------------------------------+


+-----------------------------------------------------+
; Post-Synthesis Netlist Statistics for Top Partition ;
+-----------------------+-----------------------------+
; Type                  ; Count                       ;
+-----------------------+-----------------------------+
; arriav_ff             ; 328                         ;
;     CLR SCLR          ; 10                          ;
;     ENA               ; 125                         ;
;     ENA CLR SCLR      ; 10                          ;
;     ENA SCLR          ; 85                          ;
;     SCLR              ; 20                          ;
;     plain             ; 78                          ;
; arriav_io_obuf        ; 2                           ;
; arriav_lcell_comb     ; 2997                        ;
;     arith             ; 991                         ;
;         0 data inputs ; 29                          ;
;         1 data inputs ; 601                         ;
;         2 data inputs ; 331                         ;
;         3 data inputs ; 2                           ;
;         4 data inputs ; 19                          ;
;         5 data inputs ; 9                           ;
;     extend            ; 23                          ;
;         7 data inputs ; 23                          ;
;     normal            ; 1937                        ;
;         0 data inputs ; 2                           ;
;         1 data inputs ; 2                           ;
;         2 data inputs ; 228                         ;
;         3 data inputs ; 137                         ;
;         4 data inputs ; 395                         ;
;         5 data inputs ; 470                         ;
;         6 data inputs ; 703                         ;
;     shared            ; 46                          ;
;         0 data inputs ; 4                           ;
;         1 data inputs ; 6                           ;
;         2 data inputs ; 29                          ;
;         3 data inputs ; 7                           ;
; arriav_mac            ; 35                          ;
; boundary_port         ; 48                          ;
; generic_pll           ; 1                           ;
; stratixv_ram_block    ; 213                         ;
;                       ;                             ;
; Max LUT depth         ; 21.30                       ;
; Average LUT depth     ; 8.86                        ;
+-----------------------+-----------------------------+


+-------------------------------+
; Elapsed Time Per Partition    ;
+----------------+--------------+
; Partition Name ; Elapsed Time ;
+----------------+--------------+
; Top            ; 00:00:19     ;
+----------------+--------------+


+-------------------------------+
; Analysis & Synthesis Messages ;
+-------------------------------+
Info: *******************************************************************
Info: Running Quartus Prime Analysis & Synthesis
    Info: Version 18.1.0 Build 625 09/12/2018 SJ Lite Edition
    Info: Processing started: Mon Nov 18 13:32:05 2024
Info: Command: quartus_map --read_settings_files=on --write_settings_files=off drawmario -c vga_demo
Warning (18236): Number of processors has not been specified which may cause overloading on shared machines.  Set the global assignment NUM_PARALLEL_PROCESSORS in your QSF to an appropriate value for best performance.
Info (20030): Parallel compilation is enabled and will use 16 of the 16 processors detected
Info (12021): Found 1 design units, including 1 entities, in source file altera_up_ps2_command_out.v
    Info (12023): Found entity 1: Altera_UP_PS2_Command_Out File: C:/Users/24415/Desktop/ECE241_Labs/Project/gamelogic1118/Altera_UP_PS2_Command_Out.v Line: 10
Info (12021): Found 1 design units, including 1 entities, in source file altera_up_ps2_data_in.v
    Info (12023): Found entity 1: Altera_UP_PS2_Data_In File: C:/Users/24415/Desktop/ECE241_Labs/Project/gamelogic1118/Altera_UP_PS2_Data_In.v Line: 10
Info (12021): Found 1 design units, including 1 entities, in source file ps2_controller.v
    Info (12023): Found entity 1: PS2_Controller File: C:/Users/24415/Desktop/ECE241_Labs/Project/gamelogic1118/PS2_Controller.v Line: 9
Info (12021): Found 1 design units, including 1 entities, in source file background_mem.v
    Info (12023): Found entity 1: background_mem File: C:/Users/24415/Desktop/ECE241_Labs/Project/gamelogic1118/background_mem.v Line: 39
Info (12021): Found 1 design units, including 1 entities, in source file vga_adapter/vga_pll.v
    Info (12023): Found entity 1: vga_pll File: C:/Users/24415/Desktop/ECE241_Labs/Project/gamelogic1118/vga_adapter/vga_pll.v Line: 36
Info (12021): Found 1 design units, including 1 entities, in source file vga_adapter/vga_adapter.v
    Info (12023): Found entity 1: vga_adapter File: C:/Users/24415/Desktop/ECE241_Labs/Project/gamelogic1118/vga_adapter/vga_adapter.v Line: 51
Info (12021): Found 1 design units, including 1 entities, in source file vga_adapter/vga_address_translator.v
    Info (12023): Found entity 1: vga_address_translator File: C:/Users/24415/Desktop/ECE241_Labs/Project/gamelogic1118/vga_adapter/vga_address_translator.v Line: 4
Info (12021): Found 1 design units, including 1 entities, in source file vga_adapter/vga_controller.v
    Info (12023): Found entity 1: vga_controller File: C:/Users/24415/Desktop/ECE241_Labs/Project/gamelogic1118/vga_adapter/vga_controller.v Line: 8
Warning (12019): Can't analyze file -- file vga_demo.v is missing
Info (12021): Found 1 design units, including 1 entities, in source file object_mem.v
    Info (12023): Found entity 1: object_mem File: C:/Users/24415/Desktop/ECE241_Labs/Project/gamelogic1118/object_mem.v Line: 39
Warning (12125): Using design file drawmario.v, which is not specified as a design file for the current project, but contains definitions for 9 design units and 9 entities in project
    Info (12023): Found entity 1: drawmario File: C:/Users/24415/Desktop/ECE241_Labs/Project/gamelogic1118/drawmario.v Line: 1
    Info (12023): Found entity 2: touching_magentatop File: C:/Users/24415/Desktop/ECE241_Labs/Project/gamelogic1118/drawmario.v Line: 316
    Info (12023): Found entity 3: touching_magenta File: C:/Users/24415/Desktop/ECE241_Labs/Project/gamelogic1118/drawmario.v Line: 354
    Info (12023): Found entity 4: touching_cyan File: C:/Users/24415/Desktop/ECE241_Labs/Project/gamelogic1118/drawmario.v Line: 396
    Info (12023): Found entity 5: touching_left_bottom_magenta File: C:/Users/24415/Desktop/ECE241_Labs/Project/gamelogic1118/drawmario.v Line: 442
    Info (12023): Found entity 6: touching_right_bottom_magenta File: C:/Users/24415/Desktop/ECE241_Labs/Project/gamelogic1118/drawmario.v Line: 476
    Info (12023): Found entity 7: regn File: C:/Users/24415/Desktop/ECE241_Labs/Project/gamelogic1118/drawmario.v Line: 507
    Info (12023): Found entity 8: count File: C:/Users/24415/Desktop/ECE241_Labs/Project/gamelogic1118/drawmario.v Line: 523
    Info (12023): Found entity 9: hex7seg File: C:/Users/24415/Desktop/ECE241_Labs/Project/gamelogic1118/drawmario.v Line: 538
Info (12127): Elaborating entity "drawmario" for the top level hierarchy
Warning (10036): Verilog HDL or VHDL warning at drawmario.v(21): object "llreceived_data" assigned a value but never read File: C:/Users/24415/Desktop/ECE241_Labs/Project/gamelogic1118/drawmario.v Line: 21
Warning (10036): Verilog HDL or VHDL warning at drawmario.v(57): object "cyan_detected_reg" assigned a value but never read File: C:/Users/24415/Desktop/ECE241_Labs/Project/gamelogic1118/drawmario.v Line: 57
Warning (10230): Verilog HDL assignment warning at drawmario.v(110): truncated value with size 32 to match size of target (9) File: C:/Users/24415/Desktop/ECE241_Labs/Project/gamelogic1118/drawmario.v Line: 110
Warning (10230): Verilog HDL assignment warning at drawmario.v(161): truncated value with size 32 to match size of target (18) File: C:/Users/24415/Desktop/ECE241_Labs/Project/gamelogic1118/drawmario.v Line: 161
Warning (10230): Verilog HDL assignment warning at drawmario.v(171): truncated value with size 32 to match size of target (9) File: C:/Users/24415/Desktop/ECE241_Labs/Project/gamelogic1118/drawmario.v Line: 171
Warning (10230): Verilog HDL assignment warning at drawmario.v(172): truncated value with size 32 to match size of target (8) File: C:/Users/24415/Desktop/ECE241_Labs/Project/gamelogic1118/drawmario.v Line: 172
Warning (10230): Verilog HDL assignment warning at drawmario.v(187): truncated value with size 32 to match size of target (9) File: C:/Users/24415/Desktop/ECE241_Labs/Project/gamelogic1118/drawmario.v Line: 187
Warning (10230): Verilog HDL assignment warning at drawmario.v(188): truncated value with size 32 to match size of target (8) File: C:/Users/24415/Desktop/ECE241_Labs/Project/gamelogic1118/drawmario.v Line: 188
Warning (10230): Verilog HDL assignment warning at drawmario.v(229): truncated value with size 32 to match size of target (20) File: C:/Users/24415/Desktop/ECE241_Labs/Project/gamelogic1118/drawmario.v Line: 229
Warning (10230): Verilog HDL assignment warning at drawmario.v(234): truncated value with size 32 to match size of target (8) File: C:/Users/24415/Desktop/ECE241_Labs/Project/gamelogic1118/drawmario.v Line: 234
Warning (10230): Verilog HDL assignment warning at drawmario.v(237): truncated value with size 32 to match size of target (9) File: C:/Users/24415/Desktop/ECE241_Labs/Project/gamelogic1118/drawmario.v Line: 237
Warning (10230): Verilog HDL assignment warning at drawmario.v(239): truncated value with size 32 to match size of target (9) File: C:/Users/24415/Desktop/ECE241_Labs/Project/gamelogic1118/drawmario.v Line: 239
Warning (10230): Verilog HDL assignment warning at drawmario.v(241): truncated value with size 32 to match size of target (8) File: C:/Users/24415/Desktop/ECE241_Labs/Project/gamelogic1118/drawmario.v Line: 241
Warning (10230): Verilog HDL assignment warning at drawmario.v(242): truncated value with size 32 to match size of target (9) File: C:/Users/24415/Desktop/ECE241_Labs/Project/gamelogic1118/drawmario.v Line: 242
Warning (10230): Verilog HDL assignment warning at drawmario.v(243): truncated value with size 32 to match size of target (9) File: C:/Users/24415/Desktop/ECE241_Labs/Project/gamelogic1118/drawmario.v Line: 243
Info (10264): Verilog HDL Case Statement information at drawmario.v(231): all case item expressions in this case statement are onehot File: C:/Users/24415/Desktop/ECE241_Labs/Project/gamelogic1118/drawmario.v Line: 231
Warning (10230): Verilog HDL assignment warning at drawmario.v(247): truncated value with size 32 to match size of target (8) File: C:/Users/24415/Desktop/ECE241_Labs/Project/gamelogic1118/drawmario.v Line: 247
Warning (10230): Verilog HDL assignment warning at drawmario.v(250): truncated value with size 32 to match size of target (8) File: C:/Users/24415/Desktop/ECE241_Labs/Project/gamelogic1118/drawmario.v Line: 250
Warning (10230): Verilog HDL assignment warning at drawmario.v(265): truncated value with size 32 to match size of target (9) File: C:/Users/24415/Desktop/ECE241_Labs/Project/gamelogic1118/drawmario.v Line: 265
Warning (10230): Verilog HDL assignment warning at drawmario.v(270): truncated value with size 32 to match size of target (8) File: C:/Users/24415/Desktop/ECE241_Labs/Project/gamelogic1118/drawmario.v Line: 270
Warning (10034): Output port "LEDR[0]" at drawmario.v(8) has no driver File: C:/Users/24415/Desktop/ECE241_Labs/Project/gamelogic1118/drawmario.v Line: 8
Info (12128): Elaborating entity "PS2_Controller" for hierarchy "PS2_Controller:P1" File: C:/Users/24415/Desktop/ECE241_Labs/Project/gamelogic1118/drawmario.v Line: 46
Info (12128): Elaborating entity "Altera_UP_PS2_Data_In" for hierarchy "PS2_Controller:P1|Altera_UP_PS2_Data_In:PS2_Data_In" File: C:/Users/24415/Desktop/ECE241_Labs/Project/gamelogic1118/PS2_Controller.v Line: 246
Info (12128): Elaborating entity "Altera_UP_PS2_Command_Out" for hierarchy "PS2_Controller:P1|Altera_UP_PS2_Command_Out:PS2_Command_Out" File: C:/Users/24415/Desktop/ECE241_Labs/Project/gamelogic1118/PS2_Controller.v Line: 266
Info (12128): Elaborating entity "touching_magentatop" for hierarchy "touching_magentatop:touchtop" File: C:/Users/24415/Desktop/ECE241_Labs/Project/gamelogic1118/drawmario.v Line: 91
Warning (10230): Verilog HDL assignment warning at drawmario.v(344): truncated value with size 32 to match size of target (18) File: C:/Users/24415/Desktop/ECE241_Labs/Project/gamelogic1118/drawmario.v Line: 344
Info (12128): Elaborating entity "background_mem" for hierarchy "touching_magentatop:touchtop|background_mem:bg_mem" File: C:/Users/24415/Desktop/ECE241_Labs/Project/gamelogic1118/drawmario.v Line: 336
Info (12128): Elaborating entity "altsyncram" for hierarchy "touching_magentatop:touchtop|background_mem:bg_mem|altsyncram:altsyncram_component" File: C:/Users/24415/Desktop/ECE241_Labs/Project/gamelogic1118/background_mem.v Line: 81
Info (12130): Elaborated megafunction instantiation "touching_magentatop:touchtop|background_mem:bg_mem|altsyncram:altsyncram_component" File: C:/Users/24415/Desktop/ECE241_Labs/Project/gamelogic1118/background_mem.v Line: 81
Info (12133): Instantiated megafunction "touching_magentatop:touchtop|background_mem:bg_mem|altsyncram:altsyncram_component" with the following parameter: File: C:/Users/24415/Desktop/ECE241_Labs/Project/gamelogic1118/background_mem.v Line: 81
    Info (12134): Parameter "address_aclr_a" = "NONE"
    Info (12134): Parameter "clock_enable_input_a" = "BYPASS"
    Info (12134): Parameter "clock_enable_output_a" = "BYPASS"
    Info (12134): Parameter "init_file" = "map320magenta.mif"
    Info (12134): Parameter "intended_device_family" = "Cyclone V"
    Info (12134): Parameter "lpm_hint" = "ENABLE_RUNTIME_MOD=NO"
    Info (12134): Parameter "lpm_type" = "altsyncram"
    Info (12134): Parameter "numwords_a" = "76800"
    Info (12134): Parameter "operation_mode" = "ROM"
    Info (12134): Parameter "outdata_aclr_a" = "NONE"
    Info (12134): Parameter "outdata_reg_a" = "UNREGISTERED"
    Info (12134): Parameter "widthad_a" = "17"
    Info (12134): Parameter "width_a" = "3"
    Info (12134): Parameter "width_byteena_a" = "1"
Info (12021): Found 1 design units, including 1 entities, in source file db/altsyncram_8rg1.tdf
    Info (12023): Found entity 1: altsyncram_8rg1 File: C:/Users/24415/Desktop/ECE241_Labs/Project/gamelogic1118/db/altsyncram_8rg1.tdf Line: 31
Info (12128): Elaborating entity "altsyncram_8rg1" for hierarchy "touching_magentatop:touchtop|background_mem:bg_mem|altsyncram:altsyncram_component|altsyncram_8rg1:auto_generated" File: c:/intelfpga_lite/18.1/quartus/libraries/megafunctions/altsyncram.tdf Line: 791
Info (12021): Found 1 design units, including 1 entities, in source file db/decode_g2a.tdf
    Info (12023): Found entity 1: decode_g2a File: C:/Users/24415/Desktop/ECE241_Labs/Project/gamelogic1118/db/decode_g2a.tdf Line: 22
Info (12128): Elaborating entity "decode_g2a" for hierarchy "touching_magentatop:touchtop|background_mem:bg_mem|altsyncram:altsyncram_component|altsyncram_8rg1:auto_generated|decode_g2a:rden_decode" File: C:/Users/24415/Desktop/ECE241_Labs/Project/gamelogic1118/db/altsyncram_8rg1.tdf Line: 39
Info (12021): Found 1 design units, including 1 entities, in source file db/mux_2hb.tdf
    Info (12023): Found entity 1: mux_2hb File: C:/Users/24415/Desktop/ECE241_Labs/Project/gamelogic1118/db/mux_2hb.tdf Line: 22
Info (12128): Elaborating entity "mux_2hb" for hierarchy "touching_magentatop:touchtop|background_mem:bg_mem|altsyncram:altsyncram_component|altsyncram_8rg1:auto_generated|mux_2hb:mux2" File: C:/Users/24415/Desktop/ECE241_Labs/Project/gamelogic1118/db/altsyncram_8rg1.tdf Line: 40
Info (12128): Elaborating entity "touching_magenta" for hierarchy "touching_magenta:touch" File: C:/Users/24415/Desktop/ECE241_Labs/Project/gamelogic1118/drawmario.v Line: 101
Warning (10230): Verilog HDL assignment warning at drawmario.v(382): truncated value with size 32 to match size of target (18) File: C:/Users/24415/Desktop/ECE241_Labs/Project/gamelogic1118/drawmario.v Line: 382
Info (12128): Elaborating entity "object_mem" for hierarchy "object_mem:mario_mem" File: C:/Users/24415/Desktop/ECE241_Labs/Project/gamelogic1118/drawmario.v Line: 122
Info (12128): Elaborating entity "altsyncram" for hierarchy "object_mem:mario_mem|altsyncram:altsyncram_component" File: C:/Users/24415/Desktop/ECE241_Labs/Project/gamelogic1118/object_mem.v Line: 81
Info (12130): Elaborated megafunction instantiation "object_mem:mario_mem|altsyncram:altsyncram_component" File: C:/Users/24415/Desktop/ECE241_Labs/Project/gamelogic1118/object_mem.v Line: 81
Info (12133): Instantiated megafunction "object_mem:mario_mem|altsyncram:altsyncram_component" with the following parameter: File: C:/Users/24415/Desktop/ECE241_Labs/Project/gamelogic1118/object_mem.v Line: 81
    Info (12134): Parameter "address_aclr_a" = "NONE"
    Info (12134): Parameter "clock_enable_input_a" = "BYPASS"
    Info (12134): Parameter "clock_enable_output_a" = "BYPASS"
    Info (12134): Parameter "init_file" = "mariorunninggreen.mif"
    Info (12134): Parameter "intended_device_family" = "Cyclone V"
    Info (12134): Parameter "lpm_hint" = "ENABLE_RUNTIME_MOD=NO"
    Info (12134): Parameter "lpm_type" = "altsyncram"
    Info (12134): Parameter "numwords_a" = "256"
    Info (12134): Parameter "operation_mode" = "ROM"
    Info (12134): Parameter "outdata_aclr_a" = "NONE"
    Info (12134): Parameter "outdata_reg_a" = "UNREGISTERED"
    Info (12134): Parameter "widthad_a" = "8"
    Info (12134): Parameter "width_a" = "3"
    Info (12134): Parameter "width_byteena_a" = "1"
Info (12021): Found 1 design units, including 1 entities, in source file db/altsyncram_aah1.tdf
    Info (12023): Found entity 1: altsyncram_aah1 File: C:/Users/24415/Desktop/ECE241_Labs/Project/gamelogic1118/db/altsyncram_aah1.tdf Line: 27
Info (12128): Elaborating entity "altsyncram_aah1" for hierarchy "object_mem:mario_mem|altsyncram:altsyncram_component|altsyncram_aah1:auto_generated" File: c:/intelfpga_lite/18.1/quartus/libraries/megafunctions/altsyncram.tdf Line: 791
Info (12128): Elaborating entity "touching_cyan" for hierarchy "touching_cyan:cyan_check" File: C:/Users/24415/Desktop/ECE241_Labs/Project/gamelogic1118/drawmario.v Line: 132
Warning (10230): Verilog HDL assignment warning at drawmario.v(425): truncated value with size 32 to match size of target (18) File: C:/Users/24415/Desktop/ECE241_Labs/Project/gamelogic1118/drawmario.v Line: 425
Warning (10230): Verilog HDL assignment warning at drawmario.v(427): truncated value with size 32 to match size of target (5) File: C:/Users/24415/Desktop/ECE241_Labs/Project/gamelogic1118/drawmario.v Line: 427
Info (12128): Elaborating entity "touching_left_bottom_magenta" for hierarchy "touching_left_bottom_magenta:check_stairleft" File: C:/Users/24415/Desktop/ECE241_Labs/Project/gamelogic1118/drawmario.v Line: 147
Warning (10230): Verilog HDL assignment warning at drawmario.v(467): truncated value with size 32 to match size of target (18) File: C:/Users/24415/Desktop/ECE241_Labs/Project/gamelogic1118/drawmario.v Line: 467
Info (12128): Elaborating entity "touching_right_bottom_magenta" for hierarchy "touching_right_bottom_magenta:check_stairright" File: C:/Users/24415/Desktop/ECE241_Labs/Project/gamelogic1118/drawmario.v Line: 157
Warning (10230): Verilog HDL assignment warning at drawmario.v(499): truncated value with size 32 to match size of target (18) File: C:/Users/24415/Desktop/ECE241_Labs/Project/gamelogic1118/drawmario.v Line: 499
Info (12128): Elaborating entity "vga_adapter" for hierarchy "vga_adapter:VGA" File: C:/Users/24415/Desktop/ECE241_Labs/Project/gamelogic1118/drawmario.v Line: 307
Info (12128): Elaborating entity "vga_address_translator" for hierarchy "vga_adapter:VGA|vga_address_translator:user_input_translator" File: C:/Users/24415/Desktop/ECE241_Labs/Project/gamelogic1118/vga_adapter/vga_adapter.v Line: 157
Info (12128): Elaborating entity "altsyncram" for hierarchy "vga_adapter:VGA|altsyncram:VideoMemory" File: C:/Users/24415/Desktop/ECE241_Labs/Project/gamelogic1118/vga_adapter/vga_adapter.v Line: 178
Info (12130): Elaborated megafunction instantiation "vga_adapter:VGA|altsyncram:VideoMemory" File: C:/Users/24415/Desktop/ECE241_Labs/Project/gamelogic1118/vga_adapter/vga_adapter.v Line: 178
Info (12133): Instantiated megafunction "vga_adapter:VGA|altsyncram:VideoMemory" with the following parameter: File: C:/Users/24415/Desktop/ECE241_Labs/Project/gamelogic1118/vga_adapter/vga_adapter.v Line: 178
    Info (12134): Parameter "width_a" = "3"
    Info (12134): Parameter "width_b" = "3"
    Info (12134): Parameter "intended_device_family" = "Cyclone II"
    Info (12134): Parameter "operation_mode" = "DUAL_PORT"
    Info (12134): Parameter "widthad_a" = "17"
    Info (12134): Parameter "numwords_a" = "76800"
    Info (12134): Parameter "widthad_b" = "17"
    Info (12134): Parameter "numwords_b" = "76800"
    Info (12134): Parameter "outdata_reg_b" = "CLOCK1"
    Info (12134): Parameter "address_reg_b" = "CLOCK1"
    Info (12134): Parameter "clock_enable_input_a" = "BYPASS"
    Info (12134): Parameter "clock_enable_input_b" = "BYPASS"
    Info (12134): Parameter "clock_enable_output_b" = "BYPASS"
    Info (12134): Parameter "power_up_uninitialized" = "FALSE"
    Info (12134): Parameter "init_file" = "map320.mif"
Info (12021): Found 1 design units, including 1 entities, in source file db/altsyncram_26m1.tdf
    Info (12023): Found entity 1: altsyncram_26m1 File: C:/Users/24415/Desktop/ECE241_Labs/Project/gamelogic1118/db/altsyncram_26m1.tdf Line: 33
Info (12128): Elaborating entity "altsyncram_26m1" for hierarchy "vga_adapter:VGA|altsyncram:VideoMemory|altsyncram_26m1:auto_generated" File: c:/intelfpga_lite/18.1/quartus/libraries/megafunctions/altsyncram.tdf Line: 791
Info (12021): Found 1 design units, including 1 entities, in source file db/decode_nma.tdf
    Info (12023): Found entity 1: decode_nma File: C:/Users/24415/Desktop/ECE241_Labs/Project/gamelogic1118/db/decode_nma.tdf Line: 22
Info (12128): Elaborating entity "decode_nma" for hierarchy "vga_adapter:VGA|altsyncram:VideoMemory|altsyncram_26m1:auto_generated|decode_nma:decode2" File: C:/Users/24415/Desktop/ECE241_Labs/Project/gamelogic1118/db/altsyncram_26m1.tdf Line: 46
Info (12128): Elaborating entity "vga_pll" for hierarchy "vga_adapter:VGA|vga_pll:mypll" File: C:/Users/24415/Desktop/ECE241_Labs/Project/gamelogic1118/vga_adapter/vga_adapter.v Line: 201
Info (12128): Elaborating entity "altpll" for hierarchy "vga_adapter:VGA|vga_pll:mypll|altpll:altpll_component" File: C:/Users/24415/Desktop/ECE241_Labs/Project/gamelogic1118/vga_adapter/vga_pll.v Line: 53
Info (12130): Elaborated megafunction instantiation "vga_adapter:VGA|vga_pll:mypll|altpll:altpll_component" File: C:/Users/24415/Desktop/ECE241_Labs/Project/gamelogic1118/vga_adapter/vga_pll.v Line: 53
Info (12133): Instantiated megafunction "vga_adapter:VGA|vga_pll:mypll|altpll:altpll_component" with the following parameter: File: C:/Users/24415/Desktop/ECE241_Labs/Project/gamelogic1118/vga_adapter/vga_pll.v Line: 53
    Info (12134): Parameter "operation_mode" = "NORMAL"
    Info (12134): Parameter "intended_device_family" = "Cyclone II"
    Info (12134): Parameter "lpm_type" = "altpll"
    Info (12134): Parameter "pll_type" = "FAST"
    Info (12134): Parameter "inclk0_input_frequency" = "20000"
    Info (12134): Parameter "primary_clock" = "INCLK0"
    Info (12134): Parameter "compensate_clock" = "CLK0"
    Info (12134): Parameter "clk0_phase_shift" = "0"
    Info (12134): Parameter "clk0_divide_by" = "2"
    Info (12134): Parameter "clk0_multiply_by" = "1"
    Info (12134): Parameter "clk0_duty_cycle" = "50"
Info (12021): Found 1 design units, including 1 entities, in source file db/altpll_80u.tdf
    Info (12023): Found entity 1: altpll_80u File: C:/Users/24415/Desktop/ECE241_Labs/Project/gamelogic1118/db/altpll_80u.tdf Line: 25
Info (12128): Elaborating entity "altpll_80u" for hierarchy "vga_adapter:VGA|vga_pll:mypll|altpll:altpll_component|altpll_80u:auto_generated" File: c:/intelfpga_lite/18.1/quartus/libraries/megafunctions/altpll.tdf Line: 897
Info (12128): Elaborating entity "vga_controller" for hierarchy "vga_adapter:VGA|vga_controller:controller" File: C:/Users/24415/Desktop/ECE241_Labs/Project/gamelogic1118/vga_adapter/vga_adapter.v Line: 216
Warning (12241): 13 hierarchies have connectivity warnings - see the Connectivity Checks report folder
Warning (13024): Output pins are stuck at VCC or GND
    Warning (13410): Pin "LEDR[0]" is stuck at GND File: C:/Users/24415/Desktop/ECE241_Labs/Project/gamelogic1118/drawmario.v Line: 8
    Warning (13410): Pin "VGA_SYNC_N" is stuck at VCC File: C:/Users/24415/Desktop/ECE241_Labs/Project/gamelogic1118/drawmario.v Line: 12
Info (286030): Timing-Driven Synthesis is running
Info (17049): 28 registers lost all their fanouts during netlist optimizations.
Info (144001): Generated suppressed messages file C:/Users/24415/Desktop/ECE241_Labs/Project/gamelogic1118/vga_demo.map.smsg
Info (16010): Generating hard_block partition "hard_block:auto_generated_inst"
    Info (16011): Adding 5 node(s), including 0 DDIO, 1 PLL, 0 transceiver and 0 LCELL
Warning: RST port on the PLL is not properly connected on instance vga_adapter:VGA|vga_pll:mypll|altpll:altpll_component|altpll_80u:auto_generated|generic_pll1. The reset port on the PLL should be connected. If the PLL loses lock for any reason, you might need to manually reset the PLL in order to re-establish lock to the reference clock. File: C:/Users/24415/Desktop/ECE241_Labs/Project/gamelogic1118/db/altpll_80u.tdf Line: 33
    Info: Must be connected
Warning (21074): Design contains 13 input pin(s) that do not drive logic
    Warning (15610): No output dependent on input pin "KEY[0]" File: C:/Users/24415/Desktop/ECE241_Labs/Project/gamelogic1118/drawmario.v Line: 3
    Warning (15610): No output dependent on input pin "KEY[1]" File: C:/Users/24415/Desktop/ECE241_Labs/Project/gamelogic1118/drawmario.v Line: 3
    Warning (15610): No output dependent on input pin "KEY[2]" File: C:/Users/24415/Desktop/ECE241_Labs/Project/gamelogic1118/drawmario.v Line: 3
    Warning (15610): No output dependent on input pin "KEY[3]" File: C:/Users/24415/Desktop/ECE241_Labs/Project/gamelogic1118/drawmario.v Line: 3
    Warning (15610): No output dependent on input pin "SW[1]" File: C:/Users/24415/Desktop/ECE241_Labs/Project/gamelogic1118/drawmario.v Line: 4
    Warning (15610): No output dependent on input pin "SW[2]" File: C:/Users/24415/Desktop/ECE241_Labs/Project/gamelogic1118/drawmario.v Line: 4
    Warning (15610): No output dependent on input pin "SW[3]" File: C:/Users/24415/Desktop/ECE241_Labs/Project/gamelogic1118/drawmario.v Line: 4
    Warning (15610): No output dependent on input pin "SW[4]" File: C:/Users/24415/Desktop/ECE241_Labs/Project/gamelogic1118/drawmario.v Line: 4
    Warning (15610): No output dependent on input pin "SW[5]" File: C:/Users/24415/Desktop/ECE241_Labs/Project/gamelogic1118/drawmario.v Line: 4
    Warning (15610): No output dependent on input pin "SW[6]" File: C:/Users/24415/Desktop/ECE241_Labs/Project/gamelogic1118/drawmario.v Line: 4
    Warning (15610): No output dependent on input pin "SW[7]" File: C:/Users/24415/Desktop/ECE241_Labs/Project/gamelogic1118/drawmario.v Line: 4
    Warning (15610): No output dependent on input pin "SW[8]" File: C:/Users/24415/Desktop/ECE241_Labs/Project/gamelogic1118/drawmario.v Line: 4
    Warning (15610): No output dependent on input pin "SW[9]" File: C:/Users/24415/Desktop/ECE241_Labs/Project/gamelogic1118/drawmario.v Line: 4
Info (21057): Implemented 3363 device resources after synthesis - the final resource count might be different
    Info (21058): Implemented 15 input pins
    Info (21059): Implemented 31 output pins
    Info (21060): Implemented 2 bidirectional pins
    Info (21061): Implemented 3066 logic cells
    Info (21064): Implemented 213 RAM segments
    Info (21065): Implemented 1 PLLs
    Info (21062): Implemented 35 DSP elements
Info: Quartus Prime Analysis & Synthesis was successful. 0 errors, 48 warnings
    Info: Peak virtual memory: 4975 megabytes
    Info: Processing ended: Mon Nov 18 13:32:41 2024
    Info: Elapsed time: 00:00:36
    Info: Total CPU time (on all processors): 00:00:18


+------------------------------------------+
; Analysis & Synthesis Suppressed Messages ;
+------------------------------------------+
The suppressed messages can be found in C:/Users/24415/Desktop/ECE241_Labs/Project/gamelogic1118/vga_demo.map.smsg.


